Date,State/Territory,Barrels (Thousands)
6/1/2008,Alabama,21
6/1/2008,Alaska,655
6/1/2008,Arizona,0
6/1/2008,Arkansas,17
6/1/2008,California,583
6/1/2008,Colorado,82
6/1/2008,Federal Offshore Gulf of Mexico Crude Oil,1326
6/1/2008,Federal Offshore Pacific Crude Oil,67
6/1/2008,Florida,5
6/1/2008,Idaho,0
6/1/2008,Illinois,26
6/1/2008,Indiana,5
6/1/2008,Kansas,107
6/1/2008,Kentucky,5
6/1/2008,Louisiana,215
6/1/2008,Michigan,17
6/1/2008,Mississippi,65
6/1/2008,Missouri,0
6/1/2008,Montana,86
6/1/2008,Nebraska,6
6/1/2008,Nevada,1
6/1/2008,New Mexico,161
6/1/2008,New York,1
6/1/2008,North Dakota,165
6/1/2008,Ohio,14
6/1/2008,Oklahoma,186
6/1/2008,Pennsylvania,8
6/1/2008,South Dakota,5
6/1/2008,Tennessee,1
6/1/2008,Texas,1097
6/1/2008,U.S. Crude Oil ,5138
6/1/2008,Utah,60
6/1/2008,Virginia,0
6/1/2008,West Virginia,6
6/1/2008,Wyoming,144
7/1/2008,Alabama,21
7/1/2008,Alaska,640
7/1/2008,Arizona,0
7/1/2008,Arkansas,17
7/1/2008,California,586
7/1/2008,Colorado,81
7/1/2008,Federal Offshore Gulf of Mexico Crude Oil,1372
7/1/2008,Federal Offshore Pacific Crude Oil,61
7/1/2008,Florida,6
7/1/2008,Idaho,0
7/1/2008,Illinois,27
7/1/2008,Indiana,5
7/1/2008,Kansas,103
7/1/2008,Kentucky,7
7/1/2008,Louisiana,214
7/1/2008,Michigan,17
7/1/2008,Mississippi,60
7/1/2008,Missouri,0
7/1/2008,Montana,84
7/1/2008,Nebraska,6
7/1/2008,Nevada,1
7/1/2008,New Mexico,163
7/1/2008,New York,1
7/1/2008,North Dakota,172
7/1/2008,Ohio,14
7/1/2008,Oklahoma,184
7/1/2008,Pennsylvania,8
7/1/2008,South Dakota,5
7/1/2008,Tennessee,1
7/1/2008,Texas,1111
7/1/2008,U.S. Crude Oil ,5177
7/1/2008,Utah,61
7/1/2008,Virginia,0
7/1/2008,West Virginia,5
7/1/2008,Wyoming,145
8/1/2008,Alabama,21
8/1/2008,Alaska,544
8/1/2008,Arizona,0
8/1/2008,Arkansas,17
8/1/2008,California,588
8/1/2008,Colorado,82
8/1/2008,Federal Offshore Gulf of Mexico Crude Oil,1272
8/1/2008,Federal Offshore Pacific Crude Oil,70
8/1/2008,Florida,5
8/1/2008,Idaho,0
8/1/2008,Illinois,26
8/1/2008,Indiana,5
8/1/2008,Kansas,110
8/1/2008,Kentucky,10
8/1/2008,Louisiana,203
8/1/2008,Michigan,17
8/1/2008,Mississippi,59
8/1/2008,Missouri,0
8/1/2008,Montana,84
8/1/2008,Nebraska,7
8/1/2008,Nevada,1
8/1/2008,New Mexico,163
8/1/2008,New York,1
8/1/2008,North Dakota,178
8/1/2008,Ohio,14
8/1/2008,Oklahoma,188
8/1/2008,Pennsylvania,8
8/1/2008,South Dakota,5
8/1/2008,Tennessee,1
8/1/2008,Texas,1110
8/1/2008,U.S. Crude Oil ,5003
8/1/2008,Utah,62
8/1/2008,Virginia,0
8/1/2008,West Virginia,6
8/1/2008,Wyoming,145
9/1/2008,Alabama,21
9/1/2008,Alaska,681
9/1/2008,Arizona,0
9/1/2008,Arkansas,16
9/1/2008,California,587
9/1/2008,Colorado,88
9/1/2008,Federal Offshore Gulf of Mexico Crude Oil,242
9/1/2008,Federal Offshore Pacific Crude Oil,67
9/1/2008,Florida,5
9/1/2008,Idaho,0
9/1/2008,Illinois,27
9/1/2008,Indiana,6
9/1/2008,Kansas,116
9/1/2008,Kentucky,4
9/1/2008,Louisiana,113
9/1/2008,Michigan,17
9/1/2008,Mississippi,60
9/1/2008,Missouri,0
9/1/2008,Montana,86
9/1/2008,Nebraska,7
9/1/2008,Nevada,1
9/1/2008,New Mexico,157
9/1/2008,New York,1
9/1/2008,North Dakota,189
9/1/2008,Ohio,14
9/1/2008,Oklahoma,186
9/1/2008,Pennsylvania,8
9/1/2008,South Dakota,5
9/1/2008,Tennessee,1
9/1/2008,Texas,1055
9/1/2008,U.S. Crude Oil ,3974
9/1/2008,Utah,63
9/1/2008,Virginia,0
9/1/2008,West Virginia,6
9/1/2008,Wyoming,144
10/1/2008,Alabama,21
10/1/2008,Alaska,716
10/1/2008,Arizona,0
10/1/2008,Arkansas,17
10/1/2008,California,586
10/1/2008,Colorado,86
10/1/2008,Federal Offshore Gulf of Mexico Crude Oil,803
10/1/2008,Federal Offshore Pacific Crude Oil,66
10/1/2008,Florida,6
10/1/2008,Idaho,0
10/1/2008,Illinois,26
10/1/2008,Indiana,6
10/1/2008,Kansas,111
10/1/2008,Kentucky,8
10/1/2008,Louisiana,186
10/1/2008,Michigan,17
10/1/2008,Mississippi,64
10/1/2008,Missouri,0
10/1/2008,Montana,86
10/1/2008,Nebraska,7
10/1/2008,Nevada,1
10/1/2008,New Mexico,169
10/1/2008,New York,1
10/1/2008,North Dakota,203
10/1/2008,Ohio,14
10/1/2008,Oklahoma,185
10/1/2008,Pennsylvania,8
10/1/2008,South Dakota,5
10/1/2008,Tennessee,1
10/1/2008,Texas,1125
10/1/2008,U.S. Crude Oil ,4738
10/1/2008,Utah,64
10/1/2008,Virginia,0
10/1/2008,West Virginia,6
10/1/2008,Wyoming,145
11/1/2008,Alabama,22
11/1/2008,Alaska,728
11/1/2008,Arizona,0
11/1/2008,Arkansas,17
11/1/2008,California,586
11/1/2008,Colorado,87
11/1/2008,Federal Offshore Gulf of Mexico Crude Oil,1090
11/1/2008,Federal Offshore Pacific Crude Oil,66
11/1/2008,Florida,6
11/1/2008,Idaho,0
11/1/2008,Illinois,25
11/1/2008,Indiana,5
11/1/2008,Kansas,111
11/1/2008,Kentucky,11
11/1/2008,Louisiana,198
11/1/2008,Michigan,17
11/1/2008,Mississippi,61
11/1/2008,Missouri,0
11/1/2008,Montana,86
11/1/2008,Nebraska,7
11/1/2008,Nevada,1
11/1/2008,New Mexico,171
11/1/2008,New York,1
11/1/2008,North Dakota,214
11/1/2008,Ohio,14
11/1/2008,Oklahoma,181
11/1/2008,Pennsylvania,8
11/1/2008,South Dakota,5
11/1/2008,Tennessee,1
11/1/2008,Texas,1141
11/1/2008,U.S. Crude Oil ,5078
11/1/2008,Utah,66
11/1/2008,Virginia,0
11/1/2008,West Virginia,5
11/1/2008,Wyoming,147
12/1/2008,Alabama,22
12/1/2008,Alaska,702
12/1/2008,Arizona,0
12/1/2008,Arkansas,17
12/1/2008,California,579
12/1/2008,Colorado,83
12/1/2008,Federal Offshore Gulf of Mexico Crude Oil,1197
12/1/2008,Federal Offshore Pacific Crude Oil,68
12/1/2008,Florida,4
12/1/2008,Idaho,0
12/1/2008,Illinois,25
12/1/2008,Indiana,5
12/1/2008,Kansas,110
12/1/2008,Kentucky,4
12/1/2008,Louisiana,194
12/1/2008,Michigan,20
12/1/2008,Mississippi,63
12/1/2008,Missouri,0
12/1/2008,Montana,83
12/1/2008,Nebraska,7
12/1/2008,Nevada,1
12/1/2008,New Mexico,171
12/1/2008,New York,1
12/1/2008,North Dakota,201
12/1/2008,Ohio,14
12/1/2008,Oklahoma,176
12/1/2008,Pennsylvania,8
12/1/2008,South Dakota,5
12/1/2008,Tennessee,1
12/1/2008,Texas,1134
12/1/2008,U.S. Crude Oil ,5103
12/1/2008,Utah,62
12/1/2008,Virginia,0
12/1/2008,West Virginia,5
12/1/2008,Wyoming,143
1/1/2009,Alabama,21
1/1/2009,Alaska,679
1/1/2009,Arizona,0
1/1/2009,Arkansas,16
1/1/2009,California,579
1/1/2009,Colorado,85
1/1/2009,Federal Offshore Gulf of Mexico Crude Oil,1281
1/1/2009,Federal Offshore Pacific Crude Oil,67
1/1/2009,Florida,2
1/1/2009,Idaho,0
1/1/2009,Illinois,23
1/1/2009,Indiana,4
1/1/2009,Kansas,112
1/1/2009,Kentucky,10
1/1/2009,Louisiana,188
1/1/2009,Michigan,17
1/1/2009,Mississippi,62
1/1/2009,Missouri,0
1/1/2009,Montana,81
1/1/2009,Nebraska,7
1/1/2009,Nevada,1
1/1/2009,New Mexico,171
1/1/2009,New York,1
1/1/2009,North Dakota,187
1/1/2009,Ohio,13
1/1/2009,Oklahoma,173
1/1/2009,Pennsylvania,8
1/1/2009,South Dakota,5
1/1/2009,Tennessee,1
1/1/2009,Texas,1133
1/1/2009,U.S. Crude Oil ,5138
1/1/2009,Utah,65
1/1/2009,Virginia,0
1/1/2009,West Virginia,3
1/1/2009,Wyoming,144
2/1/2009,Alabama,21
2/1/2009,Alaska,708
2/1/2009,Arizona,0
2/1/2009,Arkansas,16
2/1/2009,California,575
2/1/2009,Colorado,87
2/1/2009,Federal Offshore Gulf of Mexico Crude Oil,1323
2/1/2009,Federal Offshore Pacific Crude Oil,65
2/1/2009,Florida,2
2/1/2009,Idaho,0
2/1/2009,Illinois,25
2/1/2009,Indiana,5
2/1/2009,Kansas,112
2/1/2009,Kentucky,7
2/1/2009,Louisiana,192
2/1/2009,Michigan,18
2/1/2009,Mississippi,62
2/1/2009,Missouri,0
2/1/2009,Montana,82
2/1/2009,Nebraska,7
2/1/2009,Nevada,1
2/1/2009,New Mexico,175
2/1/2009,New York,1
2/1/2009,North Dakota,191
2/1/2009,Ohio,13
2/1/2009,Oklahoma,193
2/1/2009,Pennsylvania,8
2/1/2009,South Dakota,5
2/1/2009,Tennessee,1
2/1/2009,Texas,1128
2/1/2009,U.S. Crude Oil ,5236
2/1/2009,Utah,66
2/1/2009,Virginia,0
2/1/2009,West Virginia,3
2/1/2009,Wyoming,143
3/1/2009,Alabama,20
3/1/2009,Alaska,709
3/1/2009,Arizona,0
3/1/2009,Arkansas,16
3/1/2009,California,577
3/1/2009,Colorado,86
3/1/2009,Federal Offshore Gulf of Mexico Crude Oil,1355
3/1/2009,Federal Offshore Pacific Crude Oil,40
3/1/2009,Florida,2
3/1/2009,Idaho,0
3/1/2009,Illinois,27
3/1/2009,Indiana,5
3/1/2009,Kansas,108
3/1/2009,Kentucky,5
3/1/2009,Louisiana,190
3/1/2009,Michigan,17
3/1/2009,Mississippi,62
3/1/2009,Missouri,0
3/1/2009,Montana,81
3/1/2009,Nebraska,6
3/1/2009,Nevada,1
3/1/2009,New Mexico,173
3/1/2009,New York,1
3/1/2009,North Dakota,194
3/1/2009,Ohio,13
3/1/2009,Oklahoma,177
3/1/2009,Pennsylvania,8
3/1/2009,South Dakota,5
3/1/2009,Tennessee,1
3/1/2009,Texas,1118
3/1/2009,U.S. Crude Oil ,5210
3/1/2009,Utah,65
3/1/2009,Virginia,0
3/1/2009,West Virginia,6
3/1/2009,Wyoming,140
4/1/2009,Alabama,20
4/1/2009,Alaska,653
4/1/2009,Arizona,0
4/1/2009,Arkansas,16
4/1/2009,California,573
4/1/2009,Colorado,81
4/1/2009,Federal Offshore Gulf of Mexico Crude Oil,1465
4/1/2009,Federal Offshore Pacific Crude Oil,63
4/1/2009,Florida,2
4/1/2009,Idaho,0
4/1/2009,Illinois,25
4/1/2009,Indiana,5
4/1/2009,Kansas,109
4/1/2009,Kentucky,3
4/1/2009,Louisiana,194
4/1/2009,Michigan,17
4/1/2009,Mississippi,64
4/1/2009,Missouri,0
4/1/2009,Montana,80
4/1/2009,Nebraska,6
4/1/2009,Nevada,1
4/1/2009,New Mexico,166
4/1/2009,New York,1
4/1/2009,North Dakota,196
4/1/2009,Ohio,13
4/1/2009,Oklahoma,188
4/1/2009,Pennsylvania,8
4/1/2009,South Dakota,5
4/1/2009,Tennessee,1
4/1/2009,Texas,1110
4/1/2009,U.S. Crude Oil ,5278
4/1/2009,Utah,64
4/1/2009,Virginia,0
4/1/2009,West Virginia,4
4/1/2009,Wyoming,143
5/1/2009,Alabama,20
5/1/2009,Alaska,678
5/1/2009,Arizona,0
5/1/2009,Arkansas,16
5/1/2009,California,573
5/1/2009,Colorado,82
5/1/2009,Federal Offshore Gulf of Mexico Crude Oil,1553
5/1/2009,Federal Offshore Pacific Crude Oil,61
5/1/2009,Florida,2
5/1/2009,Idaho,0
5/1/2009,Illinois,25
5/1/2009,Indiana,4
5/1/2009,Kansas,106
5/1/2009,Kentucky,11
5/1/2009,Louisiana,191
5/1/2009,Michigan,17
5/1/2009,Mississippi,62
5/1/2009,Missouri,0
5/1/2009,Montana,79
5/1/2009,Nebraska,6
5/1/2009,Nevada,1
5/1/2009,New Mexico,167
5/1/2009,New York,1
5/1/2009,North Dakota,205
5/1/2009,Ohio,13
5/1/2009,Oklahoma,189
5/1/2009,Pennsylvania,8
5/1/2009,South Dakota,4
5/1/2009,Tennessee,1
5/1/2009,Texas,1089
5/1/2009,U.S. Crude Oil ,5374
5/1/2009,Utah,65
5/1/2009,Virginia,0
5/1/2009,West Virginia,3
5/1/2009,Wyoming,142
6/1/2009,Alabama,19
6/1/2009,Alaska,571
6/1/2009,Arizona,0
6/1/2009,Arkansas,16
6/1/2009,California,572
6/1/2009,Colorado,83
6/1/2009,Federal Offshore Gulf of Mexico Crude Oil,1561
6/1/2009,Federal Offshore Pacific Crude Oil,65
6/1/2009,Florida,2
6/1/2009,Idaho,0
6/1/2009,Illinois,25
6/1/2009,Indiana,5
6/1/2009,Kansas,110
6/1/2009,Kentucky,5
6/1/2009,Louisiana,190
6/1/2009,Michigan,17
6/1/2009,Mississippi,62
6/1/2009,Missouri,0
6/1/2009,Montana,77
6/1/2009,Nebraska,6
6/1/2009,Nevada,1
6/1/2009,New Mexico,163
6/1/2009,New York,1
6/1/2009,North Dakota,214
6/1/2009,Ohio,13
6/1/2009,Oklahoma,188
6/1/2009,Pennsylvania,8
6/1/2009,South Dakota,5
6/1/2009,Tennessee,1
6/1/2009,Texas,1071
6/1/2009,U.S. Crude Oil ,5263
6/1/2009,Utah,64
6/1/2009,Virginia,0
6/1/2009,West Virginia,6
6/1/2009,Wyoming,142
7/1/2009,Alabama,19
7/1/2009,Alaska,551
7/1/2009,Arizona,0
7/1/2009,Arkansas,16
7/1/2009,California,566
7/1/2009,Colorado,81
7/1/2009,Federal Offshore Gulf of Mexico Crude Oil,1735
7/1/2009,Federal Offshore Pacific Crude Oil,64
7/1/2009,Florida,2
7/1/2009,Idaho,0
7/1/2009,Illinois,25
7/1/2009,Indiana,5
7/1/2009,Kansas,110
7/1/2009,Kentucky,10
7/1/2009,Louisiana,185
7/1/2009,Michigan,16
7/1/2009,Mississippi,63
7/1/2009,Missouri,0
7/1/2009,Montana,75
7/1/2009,Nebraska,6
7/1/2009,Nevada,1
7/1/2009,New Mexico,160
7/1/2009,New York,1
7/1/2009,North Dakota,227
7/1/2009,Ohio,13
7/1/2009,Oklahoma,177
7/1/2009,Pennsylvania,8
7/1/2009,South Dakota,4
7/1/2009,Tennessee,1
7/1/2009,Texas,1063
7/1/2009,U.S. Crude Oil ,5389
7/1/2009,Utah,62
7/1/2009,Virginia,0
7/1/2009,West Virginia,3
7/1/2009,Wyoming,138
8/1/2009,Alabama,19
8/1/2009,Alaska,572
8/1/2009,Arizona,0
8/1/2009,Arkansas,16
8/1/2009,California,565
8/1/2009,Colorado,82
8/1/2009,Federal Offshore Gulf of Mexico Crude Oil,1734
8/1/2009,Federal Offshore Pacific Crude Oil,63
8/1/2009,Florida,2
8/1/2009,Idaho,0
8/1/2009,Illinois,25
8/1/2009,Indiana,5
8/1/2009,Kansas,106
8/1/2009,Kentucky,4
8/1/2009,Louisiana,187
8/1/2009,Michigan,16
8/1/2009,Mississippi,63
8/1/2009,Missouri,0
8/1/2009,Montana,74
8/1/2009,Nebraska,6
8/1/2009,Nevada,1
8/1/2009,New Mexico,164
8/1/2009,New York,1
8/1/2009,North Dakota,231
8/1/2009,Ohio,13
8/1/2009,Oklahoma,173
8/1/2009,Pennsylvania,8
8/1/2009,South Dakota,4
8/1/2009,Tennessee,1
8/1/2009,Texas,1067
8/1/2009,U.S. Crude Oil ,5406
8/1/2009,Utah,62
8/1/2009,Virginia,0
8/1/2009,West Virginia,4
8/1/2009,Wyoming,137
9/1/2009,Alabama,19
9/1/2009,Alaska,652
9/1/2009,Arizona,0
9/1/2009,Arkansas,16
9/1/2009,California,565
9/1/2009,Colorado,83
9/1/2009,Federal Offshore Gulf of Mexico Crude Oil,1752
9/1/2009,Federal Offshore Pacific Crude Oil,61
9/1/2009,Florida,2
9/1/2009,Idaho,0
9/1/2009,Illinois,26
9/1/2009,Indiana,5
9/1/2009,Kansas,110
9/1/2009,Kentucky,10
9/1/2009,Louisiana,191
9/1/2009,Michigan,17
9/1/2009,Mississippi,63
9/1/2009,Missouri,0
9/1/2009,Montana,74
9/1/2009,Nebraska,6
9/1/2009,Nevada,1
9/1/2009,New Mexico,165
9/1/2009,New York,1
9/1/2009,North Dakota,237
9/1/2009,Ohio,13
9/1/2009,Oklahoma,184
9/1/2009,Pennsylvania,8
9/1/2009,South Dakota,4
9/1/2009,Tennessee,1
9/1/2009,Texas,1081
9/1/2009,U.S. Crude Oil ,5555
9/1/2009,Utah,61
9/1/2009,Virginia,0
9/1/2009,West Virginia,5
9/1/2009,Wyoming,141
10/1/2009,Alabama,19
10/1/2009,Alaska,659
10/1/2009,Arizona,0
10/1/2009,Arkansas,15
10/1/2009,California,560
10/1/2009,Colorado,81
10/1/2009,Federal Offshore Gulf of Mexico Crude Oil,1725
10/1/2009,Federal Offshore Pacific Crude Oil,63
10/1/2009,Florida,2
10/1/2009,Idaho,0
10/1/2009,Illinois,25
10/1/2009,Indiana,5
10/1/2009,Kansas,105
10/1/2009,Kentucky,7
10/1/2009,Louisiana,190
10/1/2009,Michigan,17
10/1/2009,Mississippi,64
10/1/2009,Missouri,0
10/1/2009,Montana,72
10/1/2009,Nebraska,6
10/1/2009,Nevada,1
10/1/2009,New Mexico,168
10/1/2009,New York,1
10/1/2009,North Dakota,239
10/1/2009,Ohio,13
10/1/2009,Oklahoma,175
10/1/2009,Pennsylvania,8
10/1/2009,South Dakota,5
10/1/2009,Tennessee,1
10/1/2009,Texas,1081
10/1/2009,U.S. Crude Oil ,5515
10/1/2009,Utah,62
10/1/2009,Virginia,0
10/1/2009,West Virginia,3
10/1/2009,Wyoming,142
11/1/2009,Alabama,20
11/1/2009,Alaska,662
11/1/2009,Arizona,0
11/1/2009,Arkansas,15
11/1/2009,California,559
11/1/2009,Colorado,85
11/1/2009,Federal Offshore Gulf of Mexico Crude Oil,1563
11/1/2009,Federal Offshore Pacific Crude Oil,62
11/1/2009,Florida,2
11/1/2009,Idaho,0
11/1/2009,Illinois,24
11/1/2009,Indiana,5
11/1/2009,Kansas,109
11/1/2009,Kentucky,5
11/1/2009,Louisiana,181
11/1/2009,Michigan,17
11/1/2009,Mississippi,65
11/1/2009,Missouri,0
11/1/2009,Montana,71
11/1/2009,Nebraska,6
11/1/2009,Nevada,1
11/1/2009,New Mexico,173
11/1/2009,New York,1
11/1/2009,North Dakota,245
11/1/2009,Ohio,13
11/1/2009,Oklahoma,169
11/1/2009,Pennsylvania,8
11/1/2009,South Dakota,5
11/1/2009,Tennessee,1
11/1/2009,Texas,1101
11/1/2009,U.S. Crude Oil ,5378
11/1/2009,Utah,61
11/1/2009,Virginia,0
11/1/2009,West Virginia,3
11/1/2009,Wyoming,145
12/1/2009,Alabama,19
12/1/2009,Alaska,655
12/1/2009,Arizona,0
12/1/2009,Arkansas,15
12/1/2009,California,551
12/1/2009,Colorado,82
12/1/2009,Federal Offshore Gulf of Mexico Crude Oil,1680
12/1/2009,Federal Offshore Pacific Crude Oil,60
12/1/2009,Florida,2
12/1/2009,Idaho,0
12/1/2009,Illinois,25
12/1/2009,Indiana,5
12/1/2009,Kansas,102
12/1/2009,Kentucky,7
12/1/2009,Louisiana,183
12/1/2009,Michigan,19
12/1/2009,Mississippi,70
12/1/2009,Missouri,0
12/1/2009,Montana,70
12/1/2009,Nebraska,6
12/1/2009,Nevada,1
12/1/2009,New Mexico,167
12/1/2009,New York,1
12/1/2009,North Dakota,241
12/1/2009,Ohio,13
12/1/2009,Oklahoma,158
12/1/2009,Pennsylvania,8
12/1/2009,South Dakota,4
12/1/2009,Tennessee,1
12/1/2009,Texas,1090
12/1/2009,U.S. Crude Oil ,5438
12/1/2009,Utah,60
12/1/2009,Virginia,0
12/1/2009,West Virginia,5
12/1/2009,Wyoming,138
1/1/2010,Alabama,18
1/1/2010,Alaska,640
1/1/2010,Arizona,0
1/1/2010,Arkansas,15
1/1/2010,California,549
1/1/2010,Colorado,86
1/1/2010,Federal Offshore Gulf of Mexico Crude Oil,1655
1/1/2010,Federal Offshore Pacific Crude Oil,61
1/1/2010,Florida,3
1/1/2010,Idaho,0
1/1/2010,Illinois,22
1/1/2010,Indiana,4
1/1/2010,Kansas,103
1/1/2010,Kentucky,11
1/1/2010,Louisiana,174
1/1/2010,Michigan,20
1/1/2010,Mississippi,67
1/1/2010,Missouri,0
1/1/2010,Montana,68
1/1/2010,Nebraska,6
1/1/2010,Nevada,1
1/1/2010,New Mexico,170
1/1/2010,New York,1
1/1/2010,North Dakota,235
1/1/2010,Ohio,13
1/1/2010,Oklahoma,152
1/1/2010,Pennsylvania,9
1/1/2010,South Dakota,4
1/1/2010,Tennessee,1
1/1/2010,Texas,1099
1/1/2010,U.S. Crude Oil ,5390
1/1/2010,Utah,59
1/1/2010,Virginia,0
1/1/2010,West Virginia,4
1/1/2010,Wyoming,140
2/1/2010,Alabama,18
2/1/2010,Alaska,635
2/1/2010,Arizona,0
2/1/2010,Arkansas,16
2/1/2010,California,549
2/1/2010,Colorado,88
2/1/2010,Federal Offshore Gulf of Mexico Crude Oil,1711
2/1/2010,Federal Offshore Pacific Crude Oil,60
2/1/2010,Florida,4
2/1/2010,Idaho,0
2/1/2010,Illinois,26
2/1/2010,Indiana,5
2/1/2010,Kansas,108
2/1/2010,Kentucky,5
2/1/2010,Louisiana,181
2/1/2010,Michigan,20
2/1/2010,Mississippi,67
2/1/2010,Missouri,0
2/1/2010,Montana,71
2/1/2010,Nebraska,6
2/1/2010,Nevada,1
2/1/2010,New Mexico,179
2/1/2010,New York,1
2/1/2010,North Dakota,260
2/1/2010,Ohio,13
2/1/2010,Oklahoma,182
2/1/2010,Pennsylvania,9
2/1/2010,South Dakota,5
2/1/2010,Tennessee,1
2/1/2010,Texas,1121
2/1/2010,U.S. Crude Oil ,5548
2/1/2010,Utah,61
2/1/2010,Virginia,0
2/1/2010,West Virginia,4
2/1/2010,Wyoming,143
3/1/2010,Alabama,19
3/1/2010,Alaska,646
3/1/2010,Arizona,0
3/1/2010,Arkansas,16
3/1/2010,California,554
3/1/2010,Colorado,88
3/1/2010,Federal Offshore Gulf of Mexico Crude Oil,1600
3/1/2010,Federal Offshore Pacific Crude Oil,64
3/1/2010,Florida,4
3/1/2010,Idaho,0
3/1/2010,Illinois,26
3/1/2010,Indiana,5
3/1/2010,Kansas,111
3/1/2010,Kentucky,5
3/1/2010,Louisiana,185
3/1/2010,Michigan,19
3/1/2010,Mississippi,66
3/1/2010,Missouri,1
3/1/2010,Montana,70
3/1/2010,Nebraska,6
3/1/2010,Nevada,1
3/1/2010,New Mexico,180
3/1/2010,New York,1
3/1/2010,North Dakota,276
3/1/2010,Ohio,13
3/1/2010,Oklahoma,184
3/1/2010,Pennsylvania,9
3/1/2010,South Dakota,5
3/1/2010,Tennessee,1
3/1/2010,Texas,1137
3/1/2010,U.S. Crude Oil ,5506
3/1/2010,Utah,65
3/1/2010,Virginia,0
3/1/2010,West Virginia,5
3/1/2010,Wyoming,146
4/1/2010,Alabama,18
4/1/2010,Alaska,640
4/1/2010,Arizona,0
4/1/2010,Arkansas,16
4/1/2010,California,554
4/1/2010,Colorado,88
4/1/2010,Federal Offshore Gulf of Mexico Crude Oil,1481
4/1/2010,Federal Offshore Pacific Crude Oil,62
4/1/2010,Florida,4
4/1/2010,Idaho,0
4/1/2010,Illinois,27
4/1/2010,Indiana,5
4/1/2010,Kansas,114
4/1/2010,Kentucky,6
4/1/2010,Louisiana,183
4/1/2010,Michigan,18
4/1/2010,Mississippi,65
4/1/2010,Missouri,1
4/1/2010,Montana,69
4/1/2010,Nebraska,6
4/1/2010,Nevada,1
4/1/2010,New Mexico,175
4/1/2010,New York,1
4/1/2010,North Dakota,284
4/1/2010,Ohio,13
4/1/2010,Oklahoma,185
4/1/2010,Pennsylvania,9
4/1/2010,South Dakota,4
4/1/2010,Tennessee,1
4/1/2010,Texas,1137
4/1/2010,U.S. Crude Oil ,5383
4/1/2010,Utah,66
4/1/2010,Virginia,0
4/1/2010,West Virginia,5
4/1/2010,Wyoming,146
5/1/2010,Alabama,19
5/1/2010,Alaska,571
5/1/2010,Arizona,0
5/1/2010,Arkansas,16
5/1/2010,California,554
5/1/2010,Colorado,89
5/1/2010,Federal Offshore Gulf of Mexico Crude Oil,1536
5/1/2010,Federal Offshore Pacific Crude Oil,61
5/1/2010,Florida,5
5/1/2010,Idaho,0
5/1/2010,Illinois,24
5/1/2010,Indiana,5
5/1/2010,Kansas,109
5/1/2010,Kentucky,10
5/1/2010,Louisiana,185
5/1/2010,Michigan,18
5/1/2010,Mississippi,65
5/1/2010,Missouri,0
5/1/2010,Montana,69
5/1/2010,Nebraska,6
5/1/2010,Nevada,1
5/1/2010,New Mexico,178
5/1/2010,New York,1
5/1/2010,North Dakota,297
5/1/2010,Ohio,13
5/1/2010,Oklahoma,178
5/1/2010,Pennsylvania,9
5/1/2010,South Dakota,4
5/1/2010,Tennessee,1
5/1/2010,Texas,1146
5/1/2010,U.S. Crude Oil ,5391
5/1/2010,Utah,67
5/1/2010,Virginia,0
5/1/2010,West Virginia,5
5/1/2010,Wyoming,147
6/1/2010,Alabama,19
6/1/2010,Alaska,534
6/1/2010,Arizona,0
6/1/2010,Arkansas,16
6/1/2010,California,551
6/1/2010,Colorado,86
6/1/2010,Federal Offshore Gulf of Mexico Crude Oil,1543
6/1/2010,Federal Offshore Pacific Crude Oil,61
6/1/2010,Florida,5
6/1/2010,Idaho,0
6/1/2010,Illinois,26
6/1/2010,Indiana,5
6/1/2010,Kansas,115
6/1/2010,Kentucky,7
6/1/2010,Louisiana,186
6/1/2010,Michigan,18
6/1/2010,Mississippi,65
6/1/2010,Missouri,0
6/1/2010,Montana,68
6/1/2010,Nebraska,6
6/1/2010,Nevada,1
6/1/2010,New Mexico,176
6/1/2010,New York,1
6/1/2010,North Dakota,313
6/1/2010,Ohio,13
6/1/2010,Oklahoma,191
6/1/2010,Pennsylvania,9
6/1/2010,South Dakota,4
6/1/2010,Tennessee,1
6/1/2010,Texas,1139
6/1/2010,U.S. Crude Oil ,5381
6/1/2010,Utah,68
6/1/2010,Virginia,0
6/1/2010,West Virginia,6
6/1/2010,Wyoming,146
7/1/2010,Alabama,20
7/1/2010,Alaska,545
7/1/2010,Arizona,0
7/1/2010,Arkansas,15
7/1/2010,California,550
7/1/2010,Colorado,83
7/1/2010,Federal Offshore Gulf of Mexico Crude Oil,1434
7/1/2010,Federal Offshore Pacific Crude Oil,59
7/1/2010,Florida,5
7/1/2010,Idaho,0
7/1/2010,Illinois,25
7/1/2010,Indiana,5
7/1/2010,Kansas,111
7/1/2010,Kentucky,7
7/1/2010,Louisiana,187
7/1/2010,Michigan,19
7/1/2010,Mississippi,65
7/1/2010,Missouri,0
7/1/2010,Montana,69
7/1/2010,Nebraska,6
7/1/2010,Nevada,1
7/1/2010,New Mexico,179
7/1/2010,New York,1
7/1/2010,North Dakota,320
7/1/2010,Ohio,13
7/1/2010,Oklahoma,192
7/1/2010,Pennsylvania,9
7/1/2010,South Dakota,4
7/1/2010,Tennessee,1
7/1/2010,Texas,1152
7/1/2010,U.S. Crude Oil ,5299
7/1/2010,Utah,69
7/1/2010,Virginia,0
7/1/2010,West Virginia,5
7/1/2010,Wyoming,146
8/1/2010,Alabama,20
8/1/2010,Alaska,538
8/1/2010,Arizona,0
8/1/2010,Arkansas,15
8/1/2010,California,552
8/1/2010,Colorado,93
8/1/2010,Federal Offshore Gulf of Mexico Crude Oil,1555
8/1/2010,Federal Offshore Pacific Crude Oil,56
8/1/2010,Florida,5
8/1/2010,Idaho,0
8/1/2010,Illinois,24
8/1/2010,Indiana,5
8/1/2010,Kansas,112
8/1/2010,Kentucky,4
8/1/2010,Louisiana,187
8/1/2010,Michigan,19
8/1/2010,Mississippi,66
8/1/2010,Missouri,0
8/1/2010,Montana,69
8/1/2010,Nebraska,7
8/1/2010,Nevada,1
8/1/2010,New Mexico,180
8/1/2010,New York,1
8/1/2010,North Dakota,328
8/1/2010,Ohio,13
8/1/2010,Oklahoma,186
8/1/2010,Pennsylvania,9
8/1/2010,South Dakota,4
8/1/2010,Tennessee,1
8/1/2010,Texas,1168
8/1/2010,U.S. Crude Oil ,5442
8/1/2010,Utah,71
8/1/2010,Virginia,0
8/1/2010,West Virginia,5
8/1/2010,Wyoming,146
9/1/2010,Alabama,21
9/1/2010,Alaska,614
9/1/2010,Arizona,0
9/1/2010,Arkansas,16
9/1/2010,California,553
9/1/2010,Colorado,96
9/1/2010,Federal Offshore Gulf of Mexico Crude Oil,1587
9/1/2010,Federal Offshore Pacific Crude Oil,58
9/1/2010,Florida,5
9/1/2010,Idaho,0
9/1/2010,Illinois,25
9/1/2010,Indiana,5
9/1/2010,Kansas,113
9/1/2010,Kentucky,9
9/1/2010,Louisiana,190
9/1/2010,Michigan,20
9/1/2010,Mississippi,66
9/1/2010,Missouri,0
9/1/2010,Montana,71
9/1/2010,Nebraska,7
9/1/2010,Nevada,1
9/1/2010,New Mexico,178
9/1/2010,New York,1
9/1/2010,North Dakota,342
9/1/2010,Ohio,13
9/1/2010,Oklahoma,189
9/1/2010,Pennsylvania,9
9/1/2010,South Dakota,5
9/1/2010,Tennessee,1
9/1/2010,Texas,1191
9/1/2010,U.S. Crude Oil ,5611
9/1/2010,Utah,71
9/1/2010,Virginia,0
9/1/2010,West Virginia,5
9/1/2010,Wyoming,148
10/1/2010,Alabama,20
10/1/2010,Alaska,618
10/1/2010,Arizona,0
10/1/2010,Arkansas,16
10/1/2010,California,539
10/1/2010,Colorado,95
10/1/2010,Federal Offshore Gulf of Mexico Crude Oil,1565
10/1/2010,Federal Offshore Pacific Crude Oil,57
10/1/2010,Florida,5
10/1/2010,Idaho,0
10/1/2010,Illinois,25
10/1/2010,Indiana,5
10/1/2010,Kansas,110
10/1/2010,Kentucky,7
10/1/2010,Louisiana,187
10/1/2010,Michigan,19
10/1/2010,Mississippi,66
10/1/2010,Missouri,0
10/1/2010,Montana,71
10/1/2010,Nebraska,7
10/1/2010,Nevada,1
10/1/2010,New Mexico,186
10/1/2010,New York,1
10/1/2010,North Dakota,342
10/1/2010,Ohio,13
10/1/2010,Oklahoma,189
10/1/2010,Pennsylvania,9
10/1/2010,South Dakota,5
10/1/2010,Tennessee,1
10/1/2010,Texas,1215
10/1/2010,U.S. Crude Oil ,5621
10/1/2010,Utah,71
10/1/2010,Virginia,0
10/1/2010,West Virginia,5
10/1/2010,Wyoming,170
11/1/2010,Alabama,21
11/1/2010,Alaska,606
11/1/2010,Arizona,0
11/1/2010,Arkansas,16
11/1/2010,California,547
11/1/2010,Colorado,97
11/1/2010,Federal Offshore Gulf of Mexico Crude Oil,1482
11/1/2010,Federal Offshore Pacific Crude Oil,56
11/1/2010,Florida,5
11/1/2010,Idaho,0
11/1/2010,Illinois,24
11/1/2010,Indiana,5
11/1/2010,Kansas,111
11/1/2010,Kentucky,2
11/1/2010,Louisiana,185
11/1/2010,Michigan,19
11/1/2010,Mississippi,67
11/1/2010,Missouri,0
11/1/2010,Montana,70
11/1/2010,Nebraska,7
11/1/2010,Nevada,1
11/1/2010,New Mexico,190
11/1/2010,New York,1
11/1/2010,North Dakota,355
11/1/2010,Ohio,13
11/1/2010,Oklahoma,204
11/1/2010,Pennsylvania,9
11/1/2010,South Dakota,5
11/1/2010,Tennessee,1
11/1/2010,Texas,1243
11/1/2010,U.S. Crude Oil ,5567
11/1/2010,Utah,71
11/1/2010,Virginia,0
11/1/2010,West Virginia,5
11/1/2010,Wyoming,148
12/1/2010,Alabama,21
12/1/2010,Alaska,612
12/1/2010,Arizona,0
12/1/2010,Arkansas,16
12/1/2010,California,536
12/1/2010,Colorado,97
12/1/2010,Federal Offshore Gulf of Mexico Crude Oil,1491
12/1/2010,Federal Offshore Pacific Crude Oil,58
12/1/2010,Florida,6
12/1/2010,Idaho,0
12/1/2010,Illinois,24
12/1/2010,Indiana,5
12/1/2010,Kansas,115
12/1/2010,Kentucky,10
12/1/2010,Louisiana,183
12/1/2010,Michigan,20
12/1/2010,Mississippi,68
12/1/2010,Missouri,0
12/1/2010,Montana,68
12/1/2010,Nebraska,7
12/1/2010,Nevada,1
12/1/2010,New Mexico,188
12/1/2010,New York,1
12/1/2010,North Dakota,343
12/1/2010,Ohio,13
12/1/2010,Oklahoma,207
12/1/2010,Pennsylvania,9
12/1/2010,South Dakota,4
12/1/2010,Tennessee,1
12/1/2010,Texas,1278
12/1/2010,U.S. Crude Oil ,5602
12/1/2010,Utah,70
12/1/2010,Virginia,0
12/1/2010,West Virginia,5
12/1/2010,Wyoming,145
1/1/2011,Alabama,21
1/1/2011,Alaska,464
1/1/2011,Arizona,0
1/1/2011,Arkansas,16
1/1/2011,California,535
1/1/2011,Colorado,93
1/1/2011,Federal Offshore Gulf of Mexico Crude Oil,1562
1/1/2011,Federal Offshore Pacific Crude Oil,53
1/1/2011,Florida,6
1/1/2011,Idaho,0
1/1/2011,Illinois,23
1/1/2011,Indiana,5
1/1/2011,Kansas,108
1/1/2011,Kentucky,5
1/1/2011,Louisiana,183
1/1/2011,Michigan,20
1/1/2011,Mississippi,68
1/1/2011,Missouri,0
1/1/2011,Montana,66
1/1/2011,Nebraska,7
1/1/2011,Nevada,1
1/1/2011,New Mexico,191
1/1/2011,New York,1
1/1/2011,North Dakota,341
1/1/2011,Ohio,13
1/1/2011,Oklahoma,201
1/1/2011,Pennsylvania,10
1/1/2011,South Dakota,4
1/1/2011,Tennessee,1
1/1/2011,Texas,1281
1/1/2011,U.S. Crude Oil ,5492
1/1/2011,Utah,67
1/1/2011,Virginia,0
1/1/2011,West Virginia,5
1/1/2011,Wyoming,142
2/1/2011,Alabama,21
2/1/2011,Alaska,611
2/1/2011,Arizona,0
2/1/2011,Arkansas,16
2/1/2011,California,540
2/1/2011,Colorado,98
2/1/2011,Federal Offshore Gulf of Mexico Crude Oil,1411
2/1/2011,Federal Offshore Pacific Crude Oil,53
2/1/2011,Florida,5
2/1/2011,Idaho,0
2/1/2011,Illinois,22
2/1/2011,Indiana,5
2/1/2011,Kansas,109
2/1/2011,Kentucky,3
2/1/2011,Louisiana,184
2/1/2011,Michigan,20
2/1/2011,Mississippi,67
2/1/2011,Missouri,0
2/1/2011,Montana,67
2/1/2011,Nebraska,7
2/1/2011,Nevada,1
2/1/2011,New Mexico,164
2/1/2011,New York,1
2/1/2011,North Dakota,347
2/1/2011,Ohio,13
2/1/2011,Oklahoma,175
2/1/2011,Pennsylvania,10
2/1/2011,South Dakota,4
2/1/2011,Tennessee,1
2/1/2011,Texas,1227
2/1/2011,U.S. Crude Oil ,5399
2/1/2011,Utah,68
2/1/2011,Virginia,0
2/1/2011,West Virginia,5
2/1/2011,Wyoming,143
3/1/2011,Alabama,21
3/1/2011,Alaska,611
3/1/2011,Arizona,0
3/1/2011,Arkansas,16
3/1/2011,California,538
3/1/2011,Colorado,104
3/1/2011,Federal Offshore Gulf of Mexico Crude Oil,1389
3/1/2011,Federal Offshore Pacific Crude Oil,55
3/1/2011,Florida,6
3/1/2011,Idaho,0
3/1/2011,Illinois,26
3/1/2011,Indiana,5
3/1/2011,Kansas,118
3/1/2011,Kentucky,7
3/1/2011,Louisiana,193
3/1/2011,Michigan,19
3/1/2011,Mississippi,66
3/1/2011,Missouri,0
3/1/2011,Montana,66
3/1/2011,Nebraska,7
3/1/2011,Nevada,1
3/1/2011,New Mexico,194
3/1/2011,New York,1
3/1/2011,North Dakota,359
3/1/2011,Ohio,13
3/1/2011,Oklahoma,220
3/1/2011,Pennsylvania,10
3/1/2011,South Dakota,4
3/1/2011,Tennessee,1
3/1/2011,Texas,1337
3/1/2011,U.S. Crude Oil ,5612
3/1/2011,Utah,71
3/1/2011,Virginia,0
3/1/2011,West Virginia,6
3/1/2011,Wyoming,147
4/1/2011,Alabama,22
4/1/2011,Alaska,606
4/1/2011,Arizona,0
4/1/2011,Arkansas,16
4/1/2011,California,540
4/1/2011,Colorado,107
4/1/2011,Federal Offshore Gulf of Mexico Crude Oil,1346
4/1/2011,Federal Offshore Pacific Crude Oil,57
4/1/2011,Florida,6
4/1/2011,Idaho,0
4/1/2011,Illinois,24
4/1/2011,Indiana,5
4/1/2011,Kansas,114
4/1/2011,Kentucky,6
4/1/2011,Louisiana,187
4/1/2011,Michigan,19
4/1/2011,Mississippi,66
4/1/2011,Missouri,0
4/1/2011,Montana,65
4/1/2011,Nebraska,7
4/1/2011,Nevada,1
4/1/2011,New Mexico,193
4/1/2011,New York,1
4/1/2011,North Dakota,350
4/1/2011,Ohio,13
4/1/2011,Oklahoma,212
4/1/2011,Pennsylvania,10
4/1/2011,South Dakota,4
4/1/2011,Tennessee,1
4/1/2011,Texas,1349
4/1/2011,U.S. Crude Oil ,5552
4/1/2011,Utah,72
4/1/2011,Virginia,0
4/1/2011,West Virginia,6
4/1/2011,Wyoming,149
5/1/2011,Alabama,23
5/1/2011,Alaska,582
5/1/2011,Arizona,0
5/1/2011,Arkansas,16
5/1/2011,California,543
5/1/2011,Colorado,106
5/1/2011,Federal Offshore Gulf of Mexico Crude Oil,1373
5/1/2011,Federal Offshore Pacific Crude Oil,55
5/1/2011,Florida,5
5/1/2011,Idaho,0
5/1/2011,Illinois,23
5/1/2011,Indiana,5
5/1/2011,Kansas,116
5/1/2011,Kentucky,6
5/1/2011,Louisiana,186
5/1/2011,Michigan,19
5/1/2011,Mississippi,66
5/1/2011,Missouri,0
5/1/2011,Montana,65
5/1/2011,Nebraska,7
5/1/2011,Nevada,1
5/1/2011,New Mexico,193
5/1/2011,New York,1
5/1/2011,North Dakota,362
5/1/2011,Ohio,13
5/1/2011,Oklahoma,213
5/1/2011,Pennsylvania,10
5/1/2011,South Dakota,4
5/1/2011,Tennessee,1
5/1/2011,Texas,1393
5/1/2011,U.S. Crude Oil ,5613
5/1/2011,Utah,71
5/1/2011,Virginia,0
5/1/2011,West Virginia,6
5/1/2011,Wyoming,148
6/1/2011,Alabama,23
6/1/2011,Alaska,553
6/1/2011,Arizona,0
6/1/2011,Arkansas,16
6/1/2011,California,541
6/1/2011,Colorado,107
6/1/2011,Federal Offshore Gulf of Mexico Crude Oil,1325
6/1/2011,Federal Offshore Pacific Crude Oil,57
6/1/2011,Florida,5
6/1/2011,Idaho,0
6/1/2011,Illinois,25
6/1/2011,Indiana,6
6/1/2011,Kansas,116
6/1/2011,Kentucky,7
6/1/2011,Louisiana,185
6/1/2011,Michigan,19
6/1/2011,Mississippi,66
6/1/2011,Missouri,0
6/1/2011,Montana,65
6/1/2011,Nebraska,7
6/1/2011,Nevada,1
6/1/2011,New Mexico,193
6/1/2011,New York,1
6/1/2011,North Dakota,384
6/1/2011,Ohio,13
6/1/2011,Oklahoma,217
6/1/2011,Pennsylvania,10
6/1/2011,South Dakota,4
6/1/2011,Tennessee,1
6/1/2011,Texas,1400
6/1/2011,U.S. Crude Oil ,5578
6/1/2011,Utah,72
6/1/2011,Virginia,0
6/1/2011,West Virginia,6
6/1/2011,Wyoming,152
7/1/2011,Alabama,23
7/1/2011,Alaska,453
7/1/2011,Arizona,0
7/1/2011,Arkansas,16
7/1/2011,California,535
7/1/2011,Colorado,106
7/1/2011,Federal Offshore Gulf of Mexico Crude Oil,1211
7/1/2011,Federal Offshore Pacific Crude Oil,56
7/1/2011,Florida,5
7/1/2011,Idaho,0
7/1/2011,Illinois,25
7/1/2011,Indiana,5
7/1/2011,Kansas,111
7/1/2011,Kentucky,9
7/1/2011,Louisiana,184
7/1/2011,Michigan,18
7/1/2011,Mississippi,68
7/1/2011,Missouri,0
7/1/2011,Montana,65
7/1/2011,Nebraska,7
7/1/2011,Nevada,1
7/1/2011,New Mexico,197
7/1/2011,New York,1
7/1/2011,North Dakota,424
7/1/2011,Ohio,13
7/1/2011,Oklahoma,216
7/1/2011,Pennsylvania,9
7/1/2011,South Dakota,4
7/1/2011,Tennessee,1
7/1/2011,Texas,1436
7/1/2011,U.S. Crude Oil ,5430
7/1/2011,Utah,72
7/1/2011,Virginia,0
7/1/2011,West Virginia,6
7/1/2011,Wyoming,151
8/1/2011,Alabama,24
8/1/2011,Alaska,526
8/1/2011,Arizona,0
8/1/2011,Arkansas,16
8/1/2011,California,535
8/1/2011,Colorado,111
8/1/2011,Federal Offshore Gulf of Mexico Crude Oil,1272
8/1/2011,Federal Offshore Pacific Crude Oil,54
8/1/2011,Florida,5
8/1/2011,Idaho,0
8/1/2011,Illinois,26
8/1/2011,Indiana,6
8/1/2011,Kansas,118
8/1/2011,Kentucky,6
8/1/2011,Louisiana,187
8/1/2011,Michigan,19
8/1/2011,Mississippi,66
8/1/2011,Missouri,0
8/1/2011,Montana,66
8/1/2011,Nebraska,7
8/1/2011,Nevada,1
8/1/2011,New Mexico,200
8/1/2011,New York,1
8/1/2011,North Dakota,444
8/1/2011,Ohio,13
8/1/2011,Oklahoma,213
8/1/2011,Pennsylvania,9
8/1/2011,South Dakota,5
8/1/2011,Tennessee,1
8/1/2011,Texas,1490
8/1/2011,U.S. Crude Oil ,5651
8/1/2011,Utah,72
8/1/2011,Virginia,0
8/1/2011,West Virginia,8
8/1/2011,Wyoming,151
9/1/2011,Alabama,23
9/1/2011,Alaska,585
9/1/2011,Arizona,0
9/1/2011,Arkansas,17
9/1/2011,California,532
9/1/2011,Colorado,113
9/1/2011,Federal Offshore Gulf of Mexico Crude Oil,1090
9/1/2011,Federal Offshore Pacific Crude Oil,56
9/1/2011,Florida,6
9/1/2011,Idaho,0
9/1/2011,Illinois,26
9/1/2011,Indiana,6
9/1/2011,Kansas,114
9/1/2011,Kentucky,7
9/1/2011,Louisiana,185
9/1/2011,Michigan,19
9/1/2011,Mississippi,66
9/1/2011,Missouri,0
9/1/2011,Montana,65
9/1/2011,Nebraska,7
9/1/2011,Nevada,1
9/1/2011,New Mexico,201
9/1/2011,New York,1
9/1/2011,North Dakota,462
9/1/2011,Ohio,13
9/1/2011,Oklahoma,204
9/1/2011,Pennsylvania,9
9/1/2011,South Dakota,5
9/1/2011,Tennessee,1
9/1/2011,Texas,1538
9/1/2011,U.S. Crude Oil ,5583
9/1/2011,Utah,74
9/1/2011,Virginia,0
9/1/2011,West Virginia,6
9/1/2011,Wyoming,150
10/1/2011,Alabama,24
10/1/2011,Alaska,566
10/1/2011,Arizona,0
10/1/2011,Arkansas,16
10/1/2011,California,534
10/1/2011,Colorado,115
10/1/2011,Federal Offshore Gulf of Mexico Crude Oil,1291
10/1/2011,Federal Offshore Pacific Crude Oil,55
10/1/2011,Florida,6
10/1/2011,Idaho,0
10/1/2011,Illinois,27
10/1/2011,Indiana,6
10/1/2011,Kansas,110
10/1/2011,Kentucky,6
10/1/2011,Louisiana,197
10/1/2011,Michigan,20
10/1/2011,Mississippi,66
10/1/2011,Missouri,0
10/1/2011,Montana,68
10/1/2011,Nebraska,7
10/1/2011,Nevada,1
10/1/2011,New Mexico,201
10/1/2011,New York,1
10/1/2011,North Dakota,489
10/1/2011,Ohio,13
10/1/2011,Oklahoma,224
10/1/2011,Pennsylvania,9
10/1/2011,South Dakota,5
10/1/2011,Tennessee,1
10/1/2011,Texas,1595
10/1/2011,U.S. Crude Oil ,5886
10/1/2011,Utah,75
10/1/2011,Virginia,0
10/1/2011,West Virginia,6
10/1/2011,Wyoming,152
11/1/2011,Alabama,25
11/1/2011,Alaska,593
11/1/2011,Arizona,0
11/1/2011,Arkansas,17
11/1/2011,California,538
11/1/2011,Colorado,118
11/1/2011,Federal Offshore Gulf of Mexico Crude Oil,1278
11/1/2011,Federal Offshore Pacific Crude Oil,50
11/1/2011,Florida,6
11/1/2011,Idaho,0
11/1/2011,Illinois,27
11/1/2011,Indiana,6
11/1/2011,Kansas,121
11/1/2011,Kentucky,3
11/1/2011,Louisiana,198
11/1/2011,Michigan,20
11/1/2011,Mississippi,66
11/1/2011,Missouri,0
11/1/2011,Montana,69
11/1/2011,Nebraska,7
11/1/2011,Nevada,1
11/1/2011,New Mexico,212
11/1/2011,New York,1
11/1/2011,North Dakota,508
11/1/2011,Ohio,13
11/1/2011,Oklahoma,215
11/1/2011,Pennsylvania,9
11/1/2011,South Dakota,5
11/1/2011,Tennessee,1
11/1/2011,Texas,1658
11/1/2011,U.S. Crude Oil ,6001
11/1/2011,Utah,76
11/1/2011,Virginia,0
11/1/2011,West Virginia,6
11/1/2011,Wyoming,153
12/1/2011,Alabama,25
12/1/2011,Alaska,592
12/1/2011,Arizona,0
12/1/2011,Arkansas,17
12/1/2011,California,538
12/1/2011,Colorado,117
12/1/2011,Federal Offshore Gulf of Mexico Crude Oil,1257
12/1/2011,Federal Offshore Pacific Crude Oil,51
12/1/2011,Florida,6
12/1/2011,Idaho,0
12/1/2011,Illinois,26
12/1/2011,Indiana,6
12/1/2011,Kansas,110
12/1/2011,Kentucky,10
12/1/2011,Louisiana,199
12/1/2011,Michigan,20
12/1/2011,Mississippi,64
12/1/2011,Missouri,0
12/1/2011,Montana,67
12/1/2011,Nebraska,7
12/1/2011,Nevada,1
12/1/2011,New Mexico,208
12/1/2011,New York,1
12/1/2011,North Dakota,533
12/1/2011,Ohio,13
12/1/2011,Oklahoma,224
12/1/2011,Pennsylvania,9
12/1/2011,South Dakota,5
12/1/2011,Tennessee,1
12/1/2011,Texas,1689
12/1/2011,U.S. Crude Oil ,6032
12/1/2011,Utah,74
12/1/2011,Virginia,0
12/1/2011,West Virginia,6
12/1/2011,Wyoming,157
1/1/2012,Alabama,25
1/1/2012,Alaska,593
1/1/2012,Arizona,0
1/1/2012,Arkansas,17
1/1/2012,California,537
1/1/2012,Colorado,120
1/1/2012,Federal Offshore Gulf of Mexico Crude Oil,1307
1/1/2012,Federal Offshore Pacific Crude Oil,52
1/1/2012,Florida,6
1/1/2012,Idaho,0
1/1/2012,Illinois,26
1/1/2012,Indiana,6
1/1/2012,Kansas,119
1/1/2012,Kentucky,3
1/1/2012,Louisiana,192
1/1/2012,Michigan,20
1/1/2012,Mississippi,64
1/1/2012,Missouri,0
1/1/2012,Montana,66
1/1/2012,Nebraska,9
1/1/2012,Nevada,1
1/1/2012,New Mexico,217
1/1/2012,New York,1
1/1/2012,North Dakota,546
1/1/2012,Ohio,14
1/1/2012,Oklahoma,239
1/1/2012,Pennsylvania,11
1/1/2012,South Dakota,5
1/1/2012,Tennessee,1
1/1/2012,Texas,1724
1/1/2012,U.S. Crude Oil ,6161
1/1/2012,Utah,75
1/1/2012,Virginia,0
1/1/2012,West Virginia,6
1/1/2012,Wyoming,157
2/1/2012,Alabama,25
2/1/2012,Alaska,582
2/1/2012,Arizona,0
2/1/2012,Arkansas,18
2/1/2012,California,538
2/1/2012,Colorado,122
2/1/2012,Federal Offshore Gulf of Mexico Crude Oil,1326
2/1/2012,Federal Offshore Pacific Crude Oil,51
2/1/2012,Florida,6
2/1/2012,Idaho,0
2/1/2012,Illinois,27
2/1/2012,Indiana,6
2/1/2012,Kansas,118
2/1/2012,Kentucky,22
2/1/2012,Louisiana,189
2/1/2012,Michigan,21
2/1/2012,Mississippi,65
2/1/2012,Missouri,0
2/1/2012,Montana,69
2/1/2012,Nebraska,8
2/1/2012,Nevada,1
2/1/2012,New Mexico,217
2/1/2012,New York,1
2/1/2012,North Dakota,556
2/1/2012,Ohio,14
2/1/2012,Oklahoma,236
2/1/2012,Pennsylvania,11
2/1/2012,South Dakota,5
2/1/2012,Tennessee,1
2/1/2012,Texas,1771
2/1/2012,U.S. Crude Oil ,6245
2/1/2012,Utah,76
2/1/2012,Virginia,0
2/1/2012,West Virginia,7
2/1/2012,Wyoming,156
3/1/2012,Alabama,25
3/1/2012,Alaska,567
3/1/2012,Arizona,0
3/1/2012,Arkansas,18
3/1/2012,California,534
3/1/2012,Colorado,127
3/1/2012,Federal Offshore Gulf of Mexico Crude Oil,1375
3/1/2012,Federal Offshore Pacific Crude Oil,26
3/1/2012,Florida,6
3/1/2012,Idaho,0
3/1/2012,Illinois,27
3/1/2012,Indiana,6
3/1/2012,Kansas,118
3/1/2012,Kentucky,12
3/1/2012,Louisiana,192
3/1/2012,Michigan,20
3/1/2012,Mississippi,67
3/1/2012,Missouri,0
3/1/2012,Montana,67
3/1/2012,Nebraska,9
3/1/2012,Nevada,1
3/1/2012,New Mexico,219
3/1/2012,New York,1
3/1/2012,North Dakota,579
3/1/2012,Ohio,14
3/1/2012,Oklahoma,232
3/1/2012,Pennsylvania,11
3/1/2012,South Dakota,5
3/1/2012,Tennessee,1
3/1/2012,Texas,1798
3/1/2012,U.S. Crude Oil ,6301
3/1/2012,Utah,78
3/1/2012,Virginia,0
3/1/2012,West Virginia,7
3/1/2012,Wyoming,159
4/1/2012,Alabama,25
4/1/2012,Alaska,552
4/1/2012,Arizona,0
4/1/2012,Arkansas,18
4/1/2012,California,541
4/1/2012,Colorado,123
4/1/2012,Federal Offshore Gulf of Mexico Crude Oil,1266
4/1/2012,Federal Offshore Pacific Crude Oil,39
4/1/2012,Florida,5
4/1/2012,Idaho,0
4/1/2012,Illinois,27
4/1/2012,Indiana,6
4/1/2012,Kansas,120
4/1/2012,Kentucky,2
4/1/2012,Louisiana,194
4/1/2012,Michigan,21
4/1/2012,Mississippi,67
4/1/2012,Missouri,0
4/1/2012,Montana,71
4/1/2012,Nebraska,8
4/1/2012,Nevada,1
4/1/2012,New Mexico,223
4/1/2012,New York,1
4/1/2012,North Dakota,609
4/1/2012,Ohio,14
4/1/2012,Oklahoma,237
4/1/2012,Pennsylvania,11
4/1/2012,South Dakota,5
4/1/2012,Tennessee,1
4/1/2012,Texas,1868
4/1/2012,U.S. Crude Oil ,6296
4/1/2012,Utah,79
4/1/2012,Virginia,0
4/1/2012,West Virginia,7
4/1/2012,Wyoming,155
5/1/2012,Alabama,24
5/1/2012,Alaska,546
5/1/2012,Arizona,0
5/1/2012,Arkansas,18
5/1/2012,California,539
5/1/2012,Colorado,132
5/1/2012,Federal Offshore Gulf of Mexico Crude Oil,1195
5/1/2012,Federal Offshore Pacific Crude Oil,51
5/1/2012,Florida,6
5/1/2012,Idaho,0
5/1/2012,Illinois,27
5/1/2012,Indiana,6
5/1/2012,Kansas,121
5/1/2012,Kentucky,13
5/1/2012,Louisiana,197
5/1/2012,Michigan,20
5/1/2012,Mississippi,69
5/1/2012,Missouri,1
5/1/2012,Montana,71
5/1/2012,Nebraska,8
5/1/2012,Nevada,1
5/1/2012,New Mexico,224
5/1/2012,New York,1
5/1/2012,North Dakota,641
5/1/2012,Ohio,14
5/1/2012,Oklahoma,256
5/1/2012,Pennsylvania,11
5/1/2012,South Dakota,5
5/1/2012,Tennessee,1
5/1/2012,Texas,1910
5/1/2012,U.S. Crude Oil ,6351
5/1/2012,Utah,80
5/1/2012,Virginia,0
5/1/2012,West Virginia,7
5/1/2012,Wyoming,157
6/1/2012,Alabama,25
6/1/2012,Alaska,493
6/1/2012,Arizona,0
6/1/2012,Arkansas,18
6/1/2012,California,541
6/1/2012,Colorado,126
6/1/2012,Federal Offshore Gulf of Mexico Crude Oil,1114
6/1/2012,Federal Offshore Pacific Crude Oil,52
6/1/2012,Florida,6
6/1/2012,Idaho,0
6/1/2012,Illinois,27
6/1/2012,Indiana,6
6/1/2012,Kansas,119
6/1/2012,Kentucky,8
6/1/2012,Louisiana,193
6/1/2012,Michigan,20
6/1/2012,Mississippi,69
6/1/2012,Missouri,0
6/1/2012,Montana,68
6/1/2012,Nebraska,9
6/1/2012,Nevada,1
6/1/2012,New Mexico,228
6/1/2012,New York,1
6/1/2012,North Dakota,662
6/1/2012,Ohio,14
6/1/2012,Oklahoma,262
6/1/2012,Pennsylvania,11
6/1/2012,South Dakota,5
6/1/2012,Tennessee,1
6/1/2012,Texas,1946
6/1/2012,U.S. Crude Oil ,6269
6/1/2012,Utah,81
6/1/2012,Virginia,0
6/1/2012,West Virginia,7
6/1/2012,Wyoming,155
7/1/2012,Alabama,25
7/1/2012,Alaska,415
7/1/2012,Arizona,0
7/1/2012,Arkansas,17
7/1/2012,California,541
7/1/2012,Colorado,130
7/1/2012,Federal Offshore Gulf of Mexico Crude Oil,1252
7/1/2012,Federal Offshore Pacific Crude Oil,53
7/1/2012,Florida,6
7/1/2012,Idaho,0
7/1/2012,Illinois,27
7/1/2012,Indiana,6
7/1/2012,Kansas,118
7/1/2012,Kentucky,7
7/1/2012,Louisiana,197
7/1/2012,Michigan,20
7/1/2012,Mississippi,68
7/1/2012,Missouri,1
7/1/2012,Montana,73
7/1/2012,Nebraska,8
7/1/2012,Nevada,1
7/1/2012,New Mexico,237
7/1/2012,New York,1
7/1/2012,North Dakota,674
7/1/2012,Ohio,14
7/1/2012,Oklahoma,272
7/1/2012,Pennsylvania,13
7/1/2012,South Dakota,5
7/1/2012,Tennessee,1
7/1/2012,Texas,1995
7/1/2012,U.S. Crude Oil ,6421
7/1/2012,Utah,83
7/1/2012,Virginia,0
7/1/2012,West Virginia,6
7/1/2012,Wyoming,157
8/1/2012,Alabama,27
8/1/2012,Alaska,404
8/1/2012,Arizona,0
8/1/2012,Arkansas,17
8/1/2012,California,541
8/1/2012,Colorado,132
8/1/2012,Federal Offshore Gulf of Mexico Crude Oil,1098
8/1/2012,Federal Offshore Pacific Crude Oil,50
8/1/2012,Florida,6
8/1/2012,Idaho,0
8/1/2012,Illinois,27
8/1/2012,Indiana,6
8/1/2012,Kansas,120
8/1/2012,Kentucky,7
8/1/2012,Louisiana,178
8/1/2012,Michigan,20
8/1/2012,Mississippi,66
8/1/2012,Missouri,1
8/1/2012,Montana,74
8/1/2012,Nebraska,7
8/1/2012,Nevada,1
8/1/2012,New Mexico,236
8/1/2012,New York,1
8/1/2012,North Dakota,701
8/1/2012,Ohio,14
8/1/2012,Oklahoma,270
8/1/2012,Pennsylvania,13
8/1/2012,South Dakota,5
8/1/2012,Tennessee,1
8/1/2012,Texas,2051
8/1/2012,U.S. Crude Oil ,6329
8/1/2012,Utah,86
8/1/2012,Virginia,0
8/1/2012,West Virginia,7
8/1/2012,Wyoming,160
9/1/2012,Alabama,28
9/1/2012,Alaska,502
9/1/2012,Arizona,0
9/1/2012,Arkansas,18
9/1/2012,California,537
9/1/2012,Colorado,139
9/1/2012,Federal Offshore Gulf of Mexico Crude Oil,1178
9/1/2012,Federal Offshore Pacific Crude Oil,54
9/1/2012,Florida,6
9/1/2012,Idaho,0
9/1/2012,Illinois,26
9/1/2012,Indiana,7
9/1/2012,Kansas,118
9/1/2012,Kentucky,8
9/1/2012,Louisiana,172
9/1/2012,Michigan,20
9/1/2012,Mississippi,67
9/1/2012,Missouri,1
9/1/2012,Montana,75
9/1/2012,Nebraska,8
9/1/2012,Nevada,1
9/1/2012,New Mexico,245
9/1/2012,New York,1
9/1/2012,North Dakota,726
9/1/2012,Ohio,14
9/1/2012,Oklahoma,254
9/1/2012,Pennsylvania,13
9/1/2012,South Dakota,5
9/1/2012,Tennessee,1
9/1/2012,Texas,2087
9/1/2012,U.S. Crude Oil ,6563
9/1/2012,Utah,88
9/1/2012,Virginia,0
9/1/2012,West Virginia,6
9/1/2012,Wyoming,160
10/1/2012,Alabama,27
10/1/2012,Alaska,547
10/1/2012,Arizona,0
10/1/2012,Arkansas,18
10/1/2012,California,543
10/1/2012,Colorado,154
10/1/2012,Federal Offshore Gulf of Mexico Crude Oil,1327
10/1/2012,Federal Offshore Pacific Crude Oil,52
10/1/2012,Florida,6
10/1/2012,Idaho,0
10/1/2012,Illinois,27
10/1/2012,Indiana,8
10/1/2012,Kansas,124
10/1/2012,Kentucky,7
10/1/2012,Louisiana,205
10/1/2012,Michigan,20
10/1/2012,Mississippi,69
10/1/2012,Missouri,1
10/1/2012,Montana,79
10/1/2012,Nebraska,9
10/1/2012,Nevada,1
10/1/2012,New Mexico,251
10/1/2012,New York,1
10/1/2012,North Dakota,747
10/1/2012,Ohio,14
10/1/2012,Oklahoma,285
10/1/2012,Pennsylvania,13
10/1/2012,South Dakota,5
10/1/2012,Tennessee,1
10/1/2012,Texas,2150
10/1/2012,U.S. Crude Oil ,6946
10/1/2012,Utah,89
10/1/2012,Virginia,0
10/1/2012,West Virginia,7
10/1/2012,Wyoming,160
11/1/2012,Alabama,28
11/1/2012,Alaska,553
11/1/2012,Arizona,0
11/1/2012,Arkansas,19
11/1/2012,California,539
11/1/2012,Colorado,160
11/1/2012,Federal Offshore Gulf of Mexico Crude Oil,1373
11/1/2012,Federal Offshore Pacific Crude Oil,55
11/1/2012,Florida,6
11/1/2012,Idaho,0
11/1/2012,Illinois,27
11/1/2012,Indiana,8
11/1/2012,Kansas,122
11/1/2012,Kentucky,6
11/1/2012,Louisiana,204
11/1/2012,Michigan,20
11/1/2012,Mississippi,69
11/1/2012,Missouri,1
11/1/2012,Montana,78
11/1/2012,Nebraska,8
11/1/2012,Nevada,1
11/1/2012,New Mexico,253
11/1/2012,New York,1
11/1/2012,North Dakota,733
11/1/2012,Ohio,14
11/1/2012,Oklahoma,265
11/1/2012,Pennsylvania,13
11/1/2012,South Dakota,5
11/1/2012,Tennessee,1
11/1/2012,Texas,2214
11/1/2012,U.S. Crude Oil ,7037
11/1/2012,Utah,90
11/1/2012,Virginia,0
11/1/2012,West Virginia,9
11/1/2012,Wyoming,162
12/1/2012,Alabama,28
12/1/2012,Alaska,556
12/1/2012,Arizona,0
12/1/2012,Arkansas,18
12/1/2012,California,534
12/1/2012,Colorado,161
12/1/2012,Federal Offshore Gulf of Mexico Crude Oil,1378
12/1/2012,Federal Offshore Pacific Crude Oil,45
12/1/2012,Florida,6
12/1/2012,Idaho,0
12/1/2012,Illinois,25
12/1/2012,Indiana,7
12/1/2012,Kansas,117
12/1/2012,Kentucky,9
12/1/2012,Louisiana,203
12/1/2012,Michigan,21
12/1/2012,Mississippi,68
12/1/2012,Missouri,1
12/1/2012,Montana,78
12/1/2012,Nebraska,8
12/1/2012,Nevada,1
12/1/2012,New Mexico,254
12/1/2012,New York,1
12/1/2012,North Dakota,765
12/1/2012,Ohio,14
12/1/2012,Oklahoma,287
12/1/2012,Pennsylvania,13
12/1/2012,South Dakota,5
12/1/2012,Tennessee,1
12/1/2012,Texas,2228
12/1/2012,U.S. Crude Oil ,7088
12/1/2012,Utah,86
12/1/2012,Virginia,0
12/1/2012,West Virginia,9
12/1/2012,Wyoming,162
1/1/2013,Alabama,29
1/1/2013,Alaska,549
1/1/2013,Arizona,0
1/1/2013,Arkansas,18
1/1/2013,California,534
1/1/2013,Colorado,157
1/1/2013,Federal Offshore Gulf of Mexico Crude Oil,1332
1/1/2013,Federal Offshore Pacific Crude Oil,50
1/1/2013,Florida,6
1/1/2013,Idaho,0
1/1/2013,Illinois,26
1/1/2013,Indiana,7
1/1/2013,Kansas,128
1/1/2013,Kentucky,6
1/1/2013,Louisiana,198
1/1/2013,Michigan,22
1/1/2013,Mississippi,68
1/1/2013,Missouri,1
1/1/2013,Montana,77
1/1/2013,Nebraska,6
1/1/2013,Nevada,1
1/1/2013,New Mexico,254
1/1/2013,New York,1
1/1/2013,North Dakota,736
1/1/2013,Ohio,16
1/1/2013,Oklahoma,260
1/1/2013,Pennsylvania,13
1/1/2013,South Dakota,5
1/1/2013,Tennessee,1
1/1/2013,Texas,2271
1/1/2013,U.S. Crude Oil ,7025
1/1/2013,Utah,83
1/1/2013,Virginia,0
1/1/2013,West Virginia,11
1/1/2013,Wyoming,160
2/1/2013,Alabama,29
2/1/2013,Alaska,541
2/1/2013,Arizona,0
2/1/2013,Arkansas,19
2/1/2013,California,536
2/1/2013,Colorado,162
2/1/2013,Federal Offshore Gulf of Mexico Crude Oil,1315
2/1/2013,Federal Offshore Pacific Crude Oil,52
2/1/2013,Florida,6
2/1/2013,Idaho,0
2/1/2013,Illinois,26
2/1/2013,Indiana,7
2/1/2013,Kansas,116
2/1/2013,Kentucky,7
2/1/2013,Louisiana,202
2/1/2013,Michigan,22
2/1/2013,Mississippi,68
2/1/2013,Missouri,1
2/1/2013,Montana,78
2/1/2013,Nebraska,7
2/1/2013,Nevada,1
2/1/2013,New Mexico,258
2/1/2013,New York,1
2/1/2013,North Dakota,778
2/1/2013,Ohio,16
2/1/2013,Oklahoma,279
2/1/2013,Pennsylvania,13
2/1/2013,South Dakota,5
2/1/2013,Tennessee,1
2/1/2013,Texas,2332
2/1/2013,U.S. Crude Oil ,7144
2/1/2013,Utah,88
2/1/2013,Virginia,0
2/1/2013,West Virginia,13
2/1/2013,Wyoming,166
3/1/2013,Alabama,29
3/1/2013,Alaska,533
3/1/2013,Arizona,0
3/1/2013,Arkansas,18
3/1/2013,California,545
3/1/2013,Colorado,164
3/1/2013,Federal Offshore Gulf of Mexico Crude Oil,1255
3/1/2013,Federal Offshore Pacific Crude Oil,50
3/1/2013,Florida,6
3/1/2013,Idaho,0
3/1/2013,Illinois,26
3/1/2013,Indiana,7
3/1/2013,Kansas,132
3/1/2013,Kentucky,6
3/1/2013,Louisiana,198
3/1/2013,Michigan,21
3/1/2013,Mississippi,68
3/1/2013,Missouri,0
3/1/2013,Montana,80
3/1/2013,Nebraska,7
3/1/2013,Nevada,1
3/1/2013,New Mexico,259
3/1/2013,New York,1
3/1/2013,North Dakota,783
3/1/2013,Ohio,16
3/1/2013,Oklahoma,320
3/1/2013,Pennsylvania,13
3/1/2013,South Dakota,5
3/1/2013,Tennessee,1
3/1/2013,Texas,2384
3/1/2013,U.S. Crude Oil ,7208
3/1/2013,Utah,90
3/1/2013,Virginia,0
3/1/2013,West Virginia,15
3/1/2013,Wyoming,174
4/1/2013,Alabama,28
4/1/2013,Alaska,523
4/1/2013,Arizona,0
4/1/2013,Arkansas,18
4/1/2013,California,548
4/1/2013,Colorado,168
4/1/2013,Federal Offshore Gulf of Mexico Crude Oil,1336
4/1/2013,Federal Offshore Pacific Crude Oil,52
4/1/2013,Florida,4
4/1/2013,Idaho,0
4/1/2013,Illinois,26
4/1/2013,Indiana,7
4/1/2013,Kansas,133
4/1/2013,Kentucky,6
4/1/2013,Louisiana,197
4/1/2013,Michigan,21
4/1/2013,Mississippi,69
4/1/2013,Missouri,1
4/1/2013,Montana,82
4/1/2013,Nebraska,7
4/1/2013,Nevada,1
4/1/2013,New Mexico,278
4/1/2013,New York,1
4/1/2013,North Dakota,790
4/1/2013,Ohio,18
4/1/2013,Oklahoma,323
4/1/2013,Pennsylvania,13
4/1/2013,South Dakota,5
4/1/2013,Tennessee,1
4/1/2013,Texas,2422
4/1/2013,U.S. Crude Oil ,7355
4/1/2013,Utah,91
4/1/2013,Virginia,0
4/1/2013,West Virginia,15
4/1/2013,Wyoming,172
5/1/2013,Alabama,28
5/1/2013,Alaska,515
5/1/2013,Arizona,0
5/1/2013,Arkansas,18
5/1/2013,California,548
5/1/2013,Colorado,166
5/1/2013,Federal Offshore Gulf of Mexico Crude Oil,1201
5/1/2013,Federal Offshore Pacific Crude Oil,48
5/1/2013,Florida,5
5/1/2013,Idaho,0
5/1/2013,Illinois,26
5/1/2013,Indiana,6
5/1/2013,Kansas,131
5/1/2013,Kentucky,6
5/1/2013,Louisiana,199
5/1/2013,Michigan,21
5/1/2013,Mississippi,68
5/1/2013,Missouri,1
5/1/2013,Montana,81
5/1/2013,Nebraska,7
5/1/2013,Nevada,1
5/1/2013,New Mexico,281
5/1/2013,New York,1
5/1/2013,North Dakota,807
5/1/2013,Ohio,18
5/1/2013,Oklahoma,330
5/1/2013,Pennsylvania,13
5/1/2013,South Dakota,5
5/1/2013,Tennessee,1
5/1/2013,Texas,2496
5/1/2013,U.S. Crude Oil ,7316
5/1/2013,Utah,94
5/1/2013,Virginia,0
5/1/2013,West Virginia,19
5/1/2013,Wyoming,174
6/1/2013,Alabama,28
6/1/2013,Alaska,486
6/1/2013,Arizona,0
6/1/2013,Arkansas,18
6/1/2013,California,545
6/1/2013,Colorado,169
6/1/2013,Federal Offshore Gulf of Mexico Crude Oil,1122
6/1/2013,Federal Offshore Pacific Crude Oil,50
6/1/2013,Florida,6
6/1/2013,Idaho,0
6/1/2013,Illinois,25
6/1/2013,Indiana,7
6/1/2013,Kansas,128
6/1/2013,Kentucky,7
6/1/2013,Louisiana,201
6/1/2013,Michigan,21
6/1/2013,Mississippi,66
6/1/2013,Missouri,1
6/1/2013,Montana,80
6/1/2013,Nebraska,7
6/1/2013,Nevada,1
6/1/2013,New Mexico,285
6/1/2013,New York,1
6/1/2013,North Dakota,820
6/1/2013,Ohio,18
6/1/2013,Oklahoma,336
6/1/2013,Pennsylvania,13
6/1/2013,South Dakota,5
6/1/2013,Tennessee,1
6/1/2013,Texas,2533
6/1/2013,U.S. Crude Oil ,7268
6/1/2013,Utah,94
6/1/2013,Virginia,0
6/1/2013,West Virginia,23
6/1/2013,Wyoming,175
7/1/2013,Alabama,28
7/1/2013,Alaska,493
7/1/2013,Arizona,0
7/1/2013,Arkansas,18
7/1/2013,California,545
7/1/2013,Colorado,179
7/1/2013,Federal Offshore Gulf of Mexico Crude Oil,1238
7/1/2013,Federal Offshore Pacific Crude Oil,55
7/1/2013,Florida,6
7/1/2013,Idaho,0
7/1/2013,Illinois,27
7/1/2013,Indiana,6
7/1/2013,Kansas,126
7/1/2013,Kentucky,6
7/1/2013,Louisiana,198
7/1/2013,Michigan,21
7/1/2013,Mississippi,67
7/1/2013,Missouri,0
7/1/2013,Montana,82
7/1/2013,Nebraska,7
7/1/2013,Nevada,1
7/1/2013,New Mexico,287
7/1/2013,New York,1
7/1/2013,North Dakota,869
7/1/2013,Ohio,26
7/1/2013,Oklahoma,298
7/1/2013,Pennsylvania,16
7/1/2013,South Dakota,5
7/1/2013,Tennessee,1
7/1/2013,Texas,2584
7/1/2013,U.S. Crude Oil ,7483
7/1/2013,Utah,98
7/1/2013,Virginia,0
7/1/2013,West Virginia,25
7/1/2013,Wyoming,169
8/1/2013,Alabama,29
8/1/2013,Alaska,428
8/1/2013,Arizona,0
8/1/2013,Arkansas,18
8/1/2013,California,548
8/1/2013,Colorado,188
8/1/2013,Federal Offshore Gulf of Mexico Crude Oil,1185
8/1/2013,Federal Offshore Pacific Crude Oil,50
8/1/2013,Florida,6
8/1/2013,Idaho,0
8/1/2013,Illinois,27
8/1/2013,Indiana,7
8/1/2013,Kansas,129
8/1/2013,Kentucky,6
8/1/2013,Louisiana,199
8/1/2013,Michigan,21
8/1/2013,Mississippi,67
8/1/2013,Missouri,1
8/1/2013,Montana,83
8/1/2013,Nebraska,8
8/1/2013,Nevada,1
8/1/2013,New Mexico,291
8/1/2013,New York,1
8/1/2013,North Dakota,908
8/1/2013,Ohio,26
8/1/2013,Oklahoma,361
8/1/2013,Pennsylvania,16
8/1/2013,South Dakota,5
8/1/2013,Tennessee,1
8/1/2013,Texas,2617
8/1/2013,U.S. Crude Oil ,7531
8/1/2013,Utah,101
8/1/2013,Virginia,0
8/1/2013,West Virginia,25
8/1/2013,Wyoming,179
9/1/2013,Alabama,28
9/1/2013,Alaska,511
9/1/2013,Arizona,0
9/1/2013,Arkansas,18
9/1/2013,California,547
9/1/2013,Colorado,189
9/1/2013,Federal Offshore Gulf of Mexico Crude Oil,1319
9/1/2013,Federal Offshore Pacific Crude Oil,51
9/1/2013,Florida,7
9/1/2013,Idaho,0
9/1/2013,Illinois,26
9/1/2013,Indiana,6
9/1/2013,Kansas,128
9/1/2013,Kentucky,6
9/1/2013,Louisiana,197
9/1/2013,Michigan,22
9/1/2013,Mississippi,65
9/1/2013,Missouri,1
9/1/2013,Montana,80
9/1/2013,Nebraska,8
9/1/2013,Nevada,1
9/1/2013,New Mexico,299
9/1/2013,New York,1
9/1/2013,North Dakota,930
9/1/2013,Ohio,26
9/1/2013,Oklahoma,315
9/1/2013,Pennsylvania,16
9/1/2013,South Dakota,5
9/1/2013,Tennessee,1
9/1/2013,Texas,2670
9/1/2013,U.S. Crude Oil ,7784
9/1/2013,Utah,104
9/1/2013,Virginia,0
9/1/2013,West Virginia,22
9/1/2013,Wyoming,181
10/1/2013,Alabama,29
10/1/2013,Alaska,521
10/1/2013,Arizona,0
10/1/2013,Arkansas,18
10/1/2013,California,546
10/1/2013,Colorado,209
10/1/2013,Federal Offshore Gulf of Mexico Crude Oil,1177
10/1/2013,Federal Offshore Pacific Crude Oil,49
10/1/2013,Florida,7
10/1/2013,Idaho,0
10/1/2013,Illinois,26
10/1/2013,Indiana,7
10/1/2013,Kansas,134
10/1/2013,Kentucky,6
10/1/2013,Louisiana,191
10/1/2013,Michigan,21
10/1/2013,Mississippi,65
10/1/2013,Missouri,1
10/1/2013,Montana,80
10/1/2013,Nebraska,9
10/1/2013,Nevada,1
10/1/2013,New Mexico,301
10/1/2013,New York,1
10/1/2013,North Dakota,941
10/1/2013,Ohio,28
10/1/2013,Oklahoma,315
10/1/2013,Pennsylvania,16
10/1/2013,South Dakota,5
10/1/2013,Tennessee,1
10/1/2013,Texas,2691
10/1/2013,U.S. Crude Oil ,7699
10/1/2013,Utah,105
10/1/2013,Virginia,0
10/1/2013,West Virginia,21
10/1/2013,Wyoming,179
11/1/2013,Alabama,29
11/1/2013,Alaska,536
11/1/2013,Arizona,0
11/1/2013,Arkansas,18
11/1/2013,California,552
11/1/2013,Colorado,215
11/1/2013,Federal Offshore Gulf of Mexico Crude Oil,1303
11/1/2013,Federal Offshore Pacific Crude Oil,51
11/1/2013,Florida,7
11/1/2013,Idaho,0
11/1/2013,Illinois,26
11/1/2013,Indiana,7
11/1/2013,Kansas,128
11/1/2013,Kentucky,6
11/1/2013,Louisiana,194
11/1/2013,Michigan,0
11/1/2013,Mississippi,65
11/1/2013,Missouri,1
11/1/2013,Montana,81
11/1/2013,Nebraska,10
11/1/2013,Nevada,1
11/1/2013,New Mexico,286
11/1/2013,New York,1
11/1/2013,North Dakota,974
11/1/2013,Ohio,28
11/1/2013,Oklahoma,326
11/1/2013,Pennsylvania,16
11/1/2013,South Dakota,5
11/1/2013,Tennessee,1
11/1/2013,Texas,2695
11/1/2013,U.S. Crude Oil ,7873
11/1/2013,Utah,105
11/1/2013,Virginia,0
11/1/2013,West Virginia,24
11/1/2013,Wyoming,185
12/1/2013,Alabama,28
12/1/2013,Alaska,546
12/1/2013,Arizona,0
12/1/2013,Arkansas,19
12/1/2013,California,546
12/1/2013,Colorado,209
12/1/2013,Federal Offshore Gulf of Mexico Crude Oil,1285
12/1/2013,Federal Offshore Pacific Crude Oil,52
12/1/2013,Florida,6
12/1/2013,Idaho,0
12/1/2013,Illinois,26
12/1/2013,Indiana,6
12/1/2013,Kansas,126
12/1/2013,Kentucky,6
12/1/2013,Louisiana,192
12/1/2013,Michigan,21
12/1/2013,Mississippi,65
12/1/2013,Missouri,1
12/1/2013,Montana,77
12/1/2013,Nebraska,10
12/1/2013,Nevada,1
12/1/2013,New Mexico,299
12/1/2013,New York,1
12/1/2013,North Dakota,927
12/1/2013,Ohio,28
12/1/2013,Oklahoma,323
12/1/2013,Pennsylvania,16
12/1/2013,South Dakota,5
12/1/2013,Tennessee,1
12/1/2013,Texas,2780
12/1/2013,U.S. Crude Oil ,7899
12/1/2013,Utah,99
12/1/2013,Virginia,0
12/1/2013,West Virginia,24
12/1/2013,Wyoming,174
1/1/2014,Alabama,26
1/1/2014,Alaska,542
1/1/2014,Arizona,0
1/1/2014,Arkansas,18
1/1/2014,California,553
1/1/2014,Colorado,211
1/1/2014,Federal Offshore Gulf of Mexico Crude Oil,1304
1/1/2014,Federal Offshore Pacific Crude Oil,52
1/1/2014,Florida,6
1/1/2014,Idaho,0
1/1/2014,Illinois,23
1/1/2014,Indiana,5
1/1/2014,Kansas,138
1/1/2014,Kentucky,6
1/1/2014,Louisiana,185
1/1/2014,Michigan,22
1/1/2014,Mississippi,62
1/1/2014,Missouri,0
1/1/2014,Montana,78
1/1/2014,Nebraska,10
1/1/2014,Nevada,1
1/1/2014,New Mexico,307
1/1/2014,New York,1
1/1/2014,North Dakota,935
1/1/2014,Ohio,33
1/1/2014,Oklahoma,359
1/1/2014,Pennsylvania,18
1/1/2014,South Dakota,5
1/1/2014,Tennessee,1
1/1/2014,Texas,2843
1/1/2014,U.S. Crude Oil ,8051
1/1/2014,Utah,103
1/1/2014,Virginia,0
1/1/2014,West Virginia,22
1/1/2014,Wyoming,182
2/1/2014,Alabama,28
2/1/2014,Alaska,515
2/1/2014,Arizona,0
2/1/2014,Arkansas,18
2/1/2014,California,552
2/1/2014,Colorado,215
2/1/2014,Federal Offshore Gulf of Mexico Crude Oil,1331
2/1/2014,Federal Offshore Pacific Crude Oil,51
2/1/2014,Florida,6
2/1/2014,Idaho,0
2/1/2014,Illinois,23
2/1/2014,Indiana,6
2/1/2014,Kansas,127
2/1/2014,Kentucky,7
2/1/2014,Louisiana,189
2/1/2014,Michigan,23
2/1/2014,Mississippi,64
2/1/2014,Missouri,1
2/1/2014,Montana,80
2/1/2014,Nebraska,10
2/1/2014,Nevada,1
2/1/2014,New Mexico,319
2/1/2014,New York,1
2/1/2014,North Dakota,947
2/1/2014,Ohio,33
2/1/2014,Oklahoma,353
2/1/2014,Pennsylvania,18
2/1/2014,South Dakota,5
2/1/2014,Tennessee,1
2/1/2014,Texas,2899
2/1/2014,U.S. Crude Oil ,8136
2/1/2014,Utah,106
2/1/2014,Virginia,0
2/1/2014,West Virginia,24
2/1/2014,Wyoming,184
3/1/2014,Alabama,27
3/1/2014,Alaska,530
3/1/2014,Arizona,0
3/1/2014,Arkansas,19
3/1/2014,California,552
3/1/2014,Colorado,232
3/1/2014,Federal Offshore Gulf of Mexico Crude Oil,1322
3/1/2014,Federal Offshore Pacific Crude Oil,42
3/1/2014,Florida,6
3/1/2014,Idaho,0
3/1/2014,Illinois,25
3/1/2014,Indiana,6
3/1/2014,Kansas,132
3/1/2014,Kentucky,6
3/1/2014,Louisiana,193
3/1/2014,Michigan,20
3/1/2014,Mississippi,64
3/1/2014,Missouri,1
3/1/2014,Montana,79
3/1/2014,Nebraska,8
3/1/2014,Nevada,1
3/1/2014,New Mexico,323
3/1/2014,New York,1
3/1/2014,North Dakota,971
3/1/2014,Ohio,33
3/1/2014,Oklahoma,372
3/1/2014,Pennsylvania,18
3/1/2014,South Dakota,5
3/1/2014,Tennessee,1
3/1/2014,Texas,2961
3/1/2014,U.S. Crude Oil ,8274
3/1/2014,Utah,108
3/1/2014,Virginia,0
3/1/2014,West Virginia,24
3/1/2014,Wyoming,192
4/1/2014,Alabama,26
4/1/2014,Alaska,537
4/1/2014,Arizona,0
4/1/2014,Arkansas,18
4/1/2014,California,559
4/1/2014,Colorado,238
4/1/2014,Federal Offshore Gulf of Mexico Crude Oil,1425
4/1/2014,Federal Offshore Pacific Crude Oil,48
4/1/2014,Florida,6
4/1/2014,Idaho,0
4/1/2014,Illinois,27
4/1/2014,Indiana,6
4/1/2014,Kansas,136
4/1/2014,Kentucky,7
4/1/2014,Louisiana,190
4/1/2014,Michigan,23
4/1/2014,Mississippi,64
4/1/2014,Missouri,1
4/1/2014,Montana,81
4/1/2014,Nebraska,8
4/1/2014,Nevada,1
4/1/2014,New Mexico,332
4/1/2014,New York,1
4/1/2014,North Dakota,999
4/1/2014,Ohio,38
4/1/2014,Oklahoma,398
4/1/2014,Pennsylvania,18
4/1/2014,South Dakota,5
4/1/2014,Tennessee,1
4/1/2014,Texas,3050
4/1/2014,U.S. Crude Oil ,8573
4/1/2014,Utah,113
4/1/2014,Virginia,0
4/1/2014,West Virginia,22
4/1/2014,Wyoming,196
5/1/2014,Alabama,27
5/1/2014,Alaska,524
5/1/2014,Arizona,0
5/1/2014,Arkansas,18
5/1/2014,California,562
5/1/2014,Colorado,253
5/1/2014,Federal Offshore Gulf of Mexico Crude Oil,1413
5/1/2014,Federal Offshore Pacific Crude Oil,52
5/1/2014,Florida,6
5/1/2014,Idaho,0
5/1/2014,Illinois,26
5/1/2014,Indiana,7
5/1/2014,Kansas,137
5/1/2014,Kentucky,7
5/1/2014,Louisiana,194
5/1/2014,Michigan,21
5/1/2014,Mississippi,64
5/1/2014,Missouri,1
5/1/2014,Montana,79
5/1/2014,Nebraska,8
5/1/2014,Nevada,1
5/1/2014,New Mexico,334
5/1/2014,New York,1
5/1/2014,North Dakota,1034
5/1/2014,Ohio,38
5/1/2014,Oklahoma,374
5/1/2014,Pennsylvania,18
5/1/2014,South Dakota,5
5/1/2014,Tennessee,1
5/1/2014,Texas,3071
5/1/2014,U.S. Crude Oil ,8612
5/1/2014,Utah,113
5/1/2014,Virginia,0
5/1/2014,West Virginia,24
5/1/2014,Wyoming,201
6/1/2014,Alabama,27
6/1/2014,Alaska,485
6/1/2014,Arizona,0
6/1/2014,Arkansas,19
6/1/2014,California,558
6/1/2014,Colorado,263
6/1/2014,Federal Offshore Gulf of Mexico Crude Oil,1412
6/1/2014,Federal Offshore Pacific Crude Oil,52
6/1/2014,Florida,7
6/1/2014,Idaho,0
6/1/2014,Illinois,26
6/1/2014,Indiana,7
6/1/2014,Kansas,131
6/1/2014,Kentucky,7
6/1/2014,Louisiana,194
6/1/2014,Michigan,21
6/1/2014,Mississippi,64
6/1/2014,Missouri,1
6/1/2014,Montana,81
6/1/2014,Nebraska,8
6/1/2014,Nevada,1
6/1/2014,New Mexico,332
6/1/2014,New York,1
6/1/2014,North Dakota,1086
6/1/2014,Ohio,38
6/1/2014,Oklahoma,381
6/1/2014,Pennsylvania,18
6/1/2014,South Dakota,5
6/1/2014,Tennessee,1
6/1/2014,Texas,3145
6/1/2014,U.S. Crude Oil ,8718
6/1/2014,Utah,115
6/1/2014,Virginia,0
6/1/2014,West Virginia,24
6/1/2014,Wyoming,209
7/1/2014,Alabama,26
7/1/2014,Alaska,422
7/1/2014,Arizona,0
7/1/2014,Arkansas,19
7/1/2014,California,559
7/1/2014,Colorado,271
7/1/2014,Federal Offshore Gulf of Mexico Crude Oil,1428
7/1/2014,Federal Offshore Pacific Crude Oil,53
7/1/2014,Florida,6
7/1/2014,Idaho,0
7/1/2014,Illinois,27
7/1/2014,Indiana,7
7/1/2014,Kansas,137
7/1/2014,Kentucky,7
7/1/2014,Louisiana,187
7/1/2014,Michigan,19
7/1/2014,Mississippi,66
7/1/2014,Missouri,1
7/1/2014,Montana,83
7/1/2014,Nebraska,8
7/1/2014,Nevada,1
7/1/2014,New Mexico,346
7/1/2014,New York,1
7/1/2014,North Dakota,1108
7/1/2014,Ohio,44
7/1/2014,Oklahoma,368
7/1/2014,Pennsylvania,19
7/1/2014,South Dakota,5
7/1/2014,Tennessee,1
7/1/2014,Texas,3216
7/1/2014,U.S. Crude Oil ,8782
7/1/2014,Utah,113
7/1/2014,Virginia,0
7/1/2014,West Virginia,26
7/1/2014,Wyoming,208
8/1/2014,Alabama,25
8/1/2014,Alaska,398
8/1/2014,Arizona,0
8/1/2014,Arkansas,19
8/1/2014,California,567
8/1/2014,Colorado,281
8/1/2014,Federal Offshore Gulf of Mexico Crude Oil,1435
8/1/2014,Federal Offshore Pacific Crude Oil,54
8/1/2014,Florida,6
8/1/2014,Idaho,0
8/1/2014,Illinois,27
8/1/2014,Indiana,7
8/1/2014,Kansas,136
8/1/2014,Kentucky,7
8/1/2014,Louisiana,189
8/1/2014,Michigan,20
8/1/2014,Mississippi,66
8/1/2014,Missouri,0
8/1/2014,Montana,83
8/1/2014,Nebraska,8
8/1/2014,Nevada,1
8/1/2014,New Mexico,348
8/1/2014,New York,1
8/1/2014,North Dakota,1127
8/1/2014,Ohio,44
8/1/2014,Oklahoma,385
8/1/2014,Pennsylvania,19
8/1/2014,South Dakota,5
8/1/2014,Tennessee,1
8/1/2014,Texas,3269
8/1/2014,U.S. Crude Oil ,8886
8/1/2014,Utah,114
8/1/2014,Virginia,0
8/1/2014,West Virginia,29
8/1/2014,Wyoming,215
9/1/2014,Alabama,27
9/1/2014,Alaska,477
9/1/2014,Arizona,0
9/1/2014,Arkansas,19
9/1/2014,California,568
9/1/2014,Colorado,278
9/1/2014,Federal Offshore Gulf of Mexico Crude Oil,1422
9/1/2014,Federal Offshore Pacific Crude Oil,51
9/1/2014,Florida,6
9/1/2014,Idaho,0
9/1/2014,Illinois,27
9/1/2014,Indiana,8
9/1/2014,Kansas,140
9/1/2014,Kentucky,8
9/1/2014,Louisiana,191
9/1/2014,Michigan,20
9/1/2014,Mississippi,68
9/1/2014,Missouri,1
9/1/2014,Montana,84
9/1/2014,Nebraska,7
9/1/2014,Nevada,1
9/1/2014,New Mexico,339
9/1/2014,New York,1
9/1/2014,North Dakota,1178
9/1/2014,Ohio,44
9/1/2014,Oklahoma,400
9/1/2014,Pennsylvania,19
9/1/2014,South Dakota,5
9/1/2014,Tennessee,1
9/1/2014,Texas,3278
9/1/2014,U.S. Crude Oil ,9041
9/1/2014,Utah,116
9/1/2014,Virginia,0
9/1/2014,West Virginia,34
9/1/2014,Wyoming,222
10/1/2014,Alabama,27
10/1/2014,Alaska,500
10/1/2014,Arizona,0
10/1/2014,Arkansas,19
10/1/2014,California,568
10/1/2014,Colorado,291
10/1/2014,Federal Offshore Gulf of Mexico Crude Oil,1428
10/1/2014,Federal Offshore Pacific Crude Oil,50
10/1/2014,Florida,6
10/1/2014,Idaho,0
10/1/2014,Illinois,28
10/1/2014,Indiana,8
10/1/2014,Kansas,143
10/1/2014,Kentucky,8
10/1/2014,Louisiana,191
10/1/2014,Michigan,19
10/1/2014,Mississippi,72
10/1/2014,Missouri,1
10/1/2014,Montana,84
10/1/2014,Nebraska,8
10/1/2014,Nevada,1
10/1/2014,New Mexico,371
10/1/2014,New York,1
10/1/2014,North Dakota,1176
10/1/2014,Ohio,50
10/1/2014,Oklahoma,416
10/1/2014,Pennsylvania,19
10/1/2014,South Dakota,5
10/1/2014,Tennessee,1
10/1/2014,Texas,3348
10/1/2014,U.S. Crude Oil ,9221
10/1/2014,Utah,116
10/1/2014,Virginia,0
10/1/2014,West Virginia,34
10/1/2014,Wyoming,232
11/1/2014,Alabama,28
11/1/2014,Alaska,513
11/1/2014,Arizona,0
11/1/2014,Arkansas,19
11/1/2014,California,569
11/1/2014,Colorado,295
11/1/2014,Federal Offshore Gulf of Mexico Crude Oil,1389
11/1/2014,Federal Offshore Pacific Crude Oil,51
11/1/2014,Florida,6
11/1/2014,Idaho,0
11/1/2014,Illinois,26
11/1/2014,Indiana,7
11/1/2014,Kansas,136
11/1/2014,Kentucky,7
11/1/2014,Louisiana,186
11/1/2014,Michigan,21
11/1/2014,Mississippi,72
11/1/2014,Missouri,0
11/1/2014,Montana,85
11/1/2014,Nebraska,9
11/1/2014,Nevada,1
11/1/2014,New Mexico,376
11/1/2014,New York,1
11/1/2014,North Dakota,1181
11/1/2014,Ohio,50
11/1/2014,Oklahoma,435
11/1/2014,Pennsylvania,19
11/1/2014,South Dakota,5
11/1/2014,Tennessee,1
11/1/2014,Texas,3437
11/1/2014,U.S. Crude Oil ,9303
11/1/2014,Utah,115
11/1/2014,Virginia,0
11/1/2014,West Virginia,38
11/1/2014,Wyoming,225
12/1/2014,Alabama,29
12/1/2014,Alaska,515
12/1/2014,Arizona,0
12/1/2014,Arkansas,19
12/1/2014,California,562
12/1/2014,Colorado,311
12/1/2014,Federal Offshore Gulf of Mexico Crude Oil,1452
12/1/2014,Federal Offshore Pacific Crude Oil,52
12/1/2014,Florida,6
12/1/2014,Idaho,0
12/1/2014,Illinois,28
12/1/2014,Indiana,8
12/1/2014,Kansas,136
12/1/2014,Kentucky,9
12/1/2014,Louisiana,191
12/1/2014,Michigan,19
12/1/2014,Mississippi,73
12/1/2014,Missouri,0
12/1/2014,Montana,86
12/1/2014,Nebraska,8
12/1/2014,Nevada,1
12/1/2014,New Mexico,381
12/1/2014,New York,1
12/1/2014,North Dakota,1221
12/1/2014,Ohio,50
12/1/2014,Oklahoma,364
12/1/2014,Pennsylvania,19
12/1/2014,South Dakota,5
12/1/2014,Tennessee,1
12/1/2014,Texas,3532
12/1/2014,U.S. Crude Oil ,9467
12/1/2014,Utah,114
12/1/2014,Virginia,0
12/1/2014,West Virginia,39
12/1/2014,Wyoming,235
1/1/2015,Alabama,27
1/1/2015,Alaska,500
1/1/2015,Arizona,0
1/1/2015,Arkansas,18
1/1/2015,California,564
1/1/2015,Colorado,318
1/1/2015,Federal Offshore Gulf of Mexico Crude Oil,1452
1/1/2015,Federal Offshore Pacific Crude Oil,53
1/1/2015,Florida,6
1/1/2015,Idaho,0
1/1/2015,Illinois,26
1/1/2015,Indiana,7
1/1/2015,Kansas,134
1/1/2015,Kentucky,9
1/1/2015,Louisiana,188
1/1/2015,Michigan,20
1/1/2015,Mississippi,71
1/1/2015,Missouri,0
1/1/2015,Montana,83
1/1/2015,Nebraska,8
1/1/2015,Nevada,1
1/1/2015,New Mexico,367
1/1/2015,New York,1
1/1/2015,North Dakota,1184
1/1/2015,Ohio,63
1/1/2015,Oklahoma,454
1/1/2015,Pennsylvania,18
1/1/2015,South Dakota,5
1/1/2015,Tennessee,1
1/1/2015,Texas,3430
1/1/2015,U.S. Crude Oil ,9385
1/1/2015,Utah,111
1/1/2015,Virginia,0
1/1/2015,West Virginia,29
1/1/2015,Wyoming,235
2/1/2015,Alabama,29
2/1/2015,Alaska,488
2/1/2015,Arizona,0
2/1/2015,Arkansas,18
2/1/2015,California,562
2/1/2015,Colorado,327
2/1/2015,Federal Offshore Gulf of Mexico Crude Oil,1456
2/1/2015,Federal Offshore Pacific Crude Oil,54
2/1/2015,Florida,6
2/1/2015,Idaho,0
2/1/2015,Illinois,24
2/1/2015,Indiana,6
2/1/2015,Kansas,134
2/1/2015,Kentucky,9
2/1/2015,Louisiana,188
2/1/2015,Michigan,21
2/1/2015,Mississippi,72
2/1/2015,Missouri,0
2/1/2015,Montana,86
2/1/2015,Nebraska,9
2/1/2015,Nevada,1
2/1/2015,New Mexico,390
2/1/2015,New York,1
2/1/2015,North Dakota,1171
2/1/2015,Ohio,63
2/1/2015,Oklahoma,448
2/1/2015,Pennsylvania,20
2/1/2015,South Dakota,5
2/1/2015,Tennessee,1
2/1/2015,Texas,3541
2/1/2015,U.S. Crude Oil ,9511
2/1/2015,Utah,110
2/1/2015,Virginia,0
2/1/2015,West Virginia,32
2/1/2015,Wyoming,239
3/1/2015,Alabama,28
3/1/2015,Alaska,506
3/1/2015,Arizona,0
3/1/2015,Arkansas,18
3/1/2015,California,561
3/1/2015,Colorado,333
3/1/2015,Federal Offshore Gulf of Mexico Crude Oil,1380
3/1/2015,Federal Offshore Pacific Crude Oil,45
3/1/2015,Florida,6
3/1/2015,Idaho,0
3/1/2015,Illinois,24
3/1/2015,Indiana,6
3/1/2015,Kansas,136
3/1/2015,Kentucky,4
3/1/2015,Louisiana,180
3/1/2015,Michigan,17
3/1/2015,Mississippi,73
3/1/2015,Missouri,0
3/1/2015,Montana,85
3/1/2015,Nebraska,9
3/1/2015,Nevada,1
3/1/2015,New Mexico,416
3/1/2015,New York,1
3/1/2015,North Dakota,1182
3/1/2015,Ohio,63
3/1/2015,Oklahoma,486
3/1/2015,Pennsylvania,20
3/1/2015,South Dakota,5
3/1/2015,Tennessee,1
3/1/2015,Texas,3604
3/1/2015,U.S. Crude Oil ,9578
3/1/2015,Utah,110
3/1/2015,Virginia,0
3/1/2015,West Virginia,32
3/1/2015,Wyoming,246
4/1/2015,Alabama,26
4/1/2015,Alaska,510
4/1/2015,Arizona,0
4/1/2015,Arkansas,17
4/1/2015,California,560
4/1/2015,Colorado,338
4/1/2015,Federal Offshore Gulf of Mexico Crude Oil,1504
4/1/2015,Federal Offshore Pacific Crude Oil,43
4/1/2015,Florida,4
4/1/2015,Idaho,0
4/1/2015,Illinois,28
4/1/2015,Indiana,6
4/1/2015,Kansas,127
4/1/2015,Kentucky,4
4/1/2015,Louisiana,177
4/1/2015,Michigan,20
4/1/2015,Mississippi,73
4/1/2015,Missouri,0
4/1/2015,Montana,82
4/1/2015,Nebraska,8
4/1/2015,Nevada,1
4/1/2015,New Mexico,425
4/1/2015,New York,1
4/1/2015,North Dakota,1164
4/1/2015,Ohio,75
4/1/2015,Oklahoma,480
4/1/2015,Pennsylvania,20
4/1/2015,South Dakota,5
4/1/2015,Tennessee,1
4/1/2015,Texas,3554
4/1/2015,U.S. Crude Oil ,9650
4/1/2015,Utah,108
4/1/2015,Virginia,0
4/1/2015,West Virginia,35
4/1/2015,Wyoming,251
5/1/2015,Alabama,27
5/1/2015,Alaska,473
5/1/2015,Arizona,0
5/1/2015,Arkansas,17
5/1/2015,California,559
5/1/2015,Colorado,342
5/1/2015,Federal Offshore Gulf of Mexico Crude Oil,1404
5/1/2015,Federal Offshore Pacific Crude Oil,46
5/1/2015,Florida,7
5/1/2015,Idaho,0
5/1/2015,Illinois,26
5/1/2015,Indiana,6
5/1/2015,Kansas,122
5/1/2015,Kentucky,13
5/1/2015,Louisiana,176
5/1/2015,Michigan,18
5/1/2015,Mississippi,73
5/1/2015,Missouri,0
5/1/2015,Montana,81
5/1/2015,Nebraska,8
5/1/2015,Nevada,1
5/1/2015,New Mexico,426
5/1/2015,New York,1
5/1/2015,North Dakota,1196
5/1/2015,Ohio,75
5/1/2015,Oklahoma,463
5/1/2015,Pennsylvania,20
5/1/2015,South Dakota,5
5/1/2015,Tennessee,1
5/1/2015,Texas,3494
5/1/2015,U.S. Crude Oil ,9464
5/1/2015,Utah,107
5/1/2015,Virginia,0
5/1/2015,West Virginia,35
5/1/2015,Wyoming,241
6/1/2015,Alabama,27
6/1/2015,Alaska,447
6/1/2015,Arizona,0
6/1/2015,Arkansas,17
6/1/2015,California,549
6/1/2015,Colorado,337
6/1/2015,Federal Offshore Gulf of Mexico Crude Oil,1413
6/1/2015,Federal Offshore Pacific Crude Oil,24
6/1/2015,Florida,7
6/1/2015,Idaho,0
6/1/2015,Illinois,26
6/1/2015,Indiana,6
6/1/2015,Kansas,136
6/1/2015,Kentucky,6
6/1/2015,Louisiana,173
6/1/2015,Michigan,19
6/1/2015,Mississippi,70
6/1/2015,Missouri,0
6/1/2015,Montana,79
6/1/2015,Nebraska,8
6/1/2015,Nevada,1
6/1/2015,New Mexico,415
6/1/2015,New York,1
6/1/2015,North Dakota,1204
6/1/2015,Ohio,75
6/1/2015,Oklahoma,466
6/1/2015,Pennsylvania,19
6/1/2015,South Dakota,4
6/1/2015,Tennessee,1
6/1/2015,Texas,3440
6/1/2015,U.S. Crude Oil ,9344
6/1/2015,Utah,103
6/1/2015,Virginia,0
6/1/2015,West Virginia,36
6/1/2015,Wyoming,236
7/1/2015,Alabama,26
7/1/2015,Alaska,450
7/1/2015,Arizona,0
7/1/2015,Arkansas,17
7/1/2015,California,544
7/1/2015,Colorado,344
7/1/2015,Federal Offshore Gulf of Mexico Crude Oil,1567
7/1/2015,Federal Offshore Pacific Crude Oil,19
7/1/2015,Florida,6
7/1/2015,Idaho,0
7/1/2015,Illinois,26
7/1/2015,Indiana,6
7/1/2015,Kansas,125
7/1/2015,Kentucky,9
7/1/2015,Louisiana,170
7/1/2015,Michigan,17
7/1/2015,Mississippi,68
7/1/2015,Missouri,0
7/1/2015,Montana,77
7/1/2015,Nebraska,7
7/1/2015,Nevada,1
7/1/2015,New Mexico,405
7/1/2015,New York,1
7/1/2015,North Dakota,1201
7/1/2015,Ohio,75
7/1/2015,Oklahoma,444
7/1/2015,Pennsylvania,20
7/1/2015,South Dakota,4
7/1/2015,Tennessee,1
7/1/2015,Texas,3429
7/1/2015,U.S. Crude Oil ,9430
7/1/2015,Utah,101
7/1/2015,Virginia,0
7/1/2015,West Virginia,34
7/1/2015,Wyoming,235
8/1/2015,Alabama,26
8/1/2015,Alaska,408
8/1/2015,Arizona,0
8/1/2015,Arkansas,17
8/1/2015,California,547
8/1/2015,Colorado,347
8/1/2015,Federal Offshore Gulf of Mexico Crude Oil,1630
8/1/2015,Federal Offshore Pacific Crude Oil,19
8/1/2015,Florida,6
8/1/2015,Idaho,0
8/1/2015,Illinois,26
8/1/2015,Indiana,6
8/1/2015,Kansas,121
8/1/2015,Kentucky,7
8/1/2015,Louisiana,169
8/1/2015,Michigan,18
8/1/2015,Mississippi,66
8/1/2015,Missouri,0
8/1/2015,Montana,75
8/1/2015,Nebraska,9
8/1/2015,Nevada,1
8/1/2015,New Mexico,415
8/1/2015,New York,1
8/1/2015,North Dakota,1181
8/1/2015,Ohio,75
8/1/2015,Oklahoma,446
8/1/2015,Pennsylvania,18
8/1/2015,South Dakota,4
8/1/2015,Tennessee,1
8/1/2015,Texas,3396
8/1/2015,U.S. Crude Oil ,9400
8/1/2015,Utah,100
8/1/2015,Virginia,0
8/1/2015,West Virginia,32
8/1/2015,Wyoming,234
9/1/2015,Alabama,26
9/1/2015,Alaska,472
9/1/2015,Arizona,0
9/1/2015,Arkansas,17
9/1/2015,California,546
9/1/2015,Colorado,331
9/1/2015,Federal Offshore Gulf of Mexico Crude Oil,1661
9/1/2015,Federal Offshore Pacific Crude Oil,19
9/1/2015,Florida,6
9/1/2015,Idaho,0
9/1/2015,Illinois,27
9/1/2015,Indiana,6
9/1/2015,Kansas,120
9/1/2015,Kentucky,8
9/1/2015,Louisiana,172
9/1/2015,Michigan,18
9/1/2015,Mississippi,66
9/1/2015,Missouri,0
9/1/2015,Montana,75
9/1/2015,Nebraska,8
9/1/2015,Nevada,1
9/1/2015,New Mexico,416
9/1/2015,New York,1
9/1/2015,North Dakota,1155
9/1/2015,Ohio,75
9/1/2015,Oklahoma,456
9/1/2015,Pennsylvania,19
9/1/2015,South Dakota,4
9/1/2015,Tennessee,1
9/1/2015,Texas,3394
9/1/2015,U.S. Crude Oil ,9460
9/1/2015,Utah,96
9/1/2015,Virginia,0
9/1/2015,West Virginia,30
9/1/2015,Wyoming,233
10/1/2015,Alabama,26
10/1/2015,Alaska,497
10/1/2015,Arizona,0
10/1/2015,Arkansas,17
10/1/2015,California,543
10/1/2015,Colorado,345
10/1/2015,Federal Offshore Gulf of Mexico Crude Oil,1578
10/1/2015,Federal Offshore Pacific Crude Oil,19
10/1/2015,Florida,6
10/1/2015,Idaho,0
10/1/2015,Illinois,27
10/1/2015,Indiana,6
10/1/2015,Kansas,117
10/1/2015,Kentucky,10
10/1/2015,Louisiana,170
10/1/2015,Michigan,17
10/1/2015,Mississippi,65
10/1/2015,Missouri,0
10/1/2015,Montana,73
10/1/2015,Nebraska,7
10/1/2015,Nevada,1
10/1/2015,New Mexico,408
10/1/2015,New York,1
10/1/2015,North Dakota,1166
10/1/2015,Ohio,79
10/1/2015,Oklahoma,454
10/1/2015,Pennsylvania,19
10/1/2015,South Dakota,4
10/1/2015,Tennessee,1
10/1/2015,Texas,3378
10/1/2015,U.S. Crude Oil ,9388
10/1/2015,Utah,94
10/1/2015,Virginia,0
10/1/2015,West Virginia,29
10/1/2015,Wyoming,233
11/1/2015,Alabama,25
11/1/2015,Alaska,523
11/1/2015,Arizona,0
11/1/2015,Arkansas,16
11/1/2015,California,545
11/1/2015,Colorado,342
11/1/2015,Federal Offshore Gulf of Mexico Crude Oil,1524
11/1/2015,Federal Offshore Pacific Crude Oil,19
11/1/2015,Florida,6
11/1/2015,Idaho,0
11/1/2015,Illinois,25
11/1/2015,Indiana,5
11/1/2015,Kansas,106
11/1/2015,Kentucky,2
11/1/2015,Louisiana,166
11/1/2015,Michigan,18
11/1/2015,Mississippi,63
11/1/2015,Missouri,0
11/1/2015,Montana,72
11/1/2015,Nebraska,7
11/1/2015,Nevada,1
11/1/2015,New Mexico,414
11/1/2015,New York,1
11/1/2015,North Dakota,1174
11/1/2015,Ohio,79
11/1/2015,Oklahoma,442
11/1/2015,Pennsylvania,19
11/1/2015,South Dakota,4
11/1/2015,Tennessee,1
11/1/2015,Texas,3369
11/1/2015,U.S. Crude Oil ,9318
11/1/2015,Utah,91
11/1/2015,Virginia,0
11/1/2015,West Virginia,26
11/1/2015,Wyoming,231
12/1/2015,Alabama,25
12/1/2015,Alaska,522
12/1/2015,Arizona,0
12/1/2015,Arkansas,16
12/1/2015,California,539
12/1/2015,Colorado,332
12/1/2015,Federal Offshore Gulf of Mexico Crude Oil,1605
12/1/2015,Federal Offshore Pacific Crude Oil,18
12/1/2015,Florida,6
12/1/2015,Idaho,0
12/1/2015,Illinois,27
12/1/2015,Indiana,6
12/1/2015,Kansas,116
12/1/2015,Kentucky,12
12/1/2015,Louisiana,163
12/1/2015,Michigan,16
12/1/2015,Mississippi,61
12/1/2015,Missouri,0
12/1/2015,Montana,71
12/1/2015,Nebraska,6
12/1/2015,Nevada,1
12/1/2015,New Mexico,359
12/1/2015,New York,1
12/1/2015,North Dakota,1145
12/1/2015,Ohio,79
12/1/2015,Oklahoma,445
12/1/2015,Pennsylvania,20
12/1/2015,South Dakota,4
12/1/2015,Tennessee,1
12/1/2015,Texas,3306
12/1/2015,U.S. Crude Oil ,9251
12/1/2015,Utah,91
12/1/2015,Virginia,0
12/1/2015,West Virginia,30
12/1/2015,Wyoming,228
1/1/2016,Alabama,24
1/1/2016,Alaska,516
1/1/2016,Arizona,0
1/1/2016,Arkansas,16
1/1/2016,California,538
1/1/2016,Colorado,332
1/1/2016,Federal Offshore Gulf of Mexico Crude Oil,1593
1/1/2016,Federal Offshore Pacific Crude Oil,18
1/1/2016,Florida,6
1/1/2016,Idaho,0
1/1/2016,Illinois,22
1/1/2016,Indiana,5
1/1/2016,Kansas,109
1/1/2016,Kentucky,7
1/1/2016,Louisiana,157
1/1/2016,Michigan,17
1/1/2016,Mississippi,60
1/1/2016,Missouri,0
1/1/2016,Montana,69
1/1/2016,Nebraska,6
1/1/2016,Nevada,1
1/1/2016,New Mexico,379
1/1/2016,New York,1
1/1/2016,North Dakota,1114
1/1/2016,Ohio,70
1/1/2016,Oklahoma,460
1/1/2016,Pennsylvania,18
1/1/2016,South Dakota,4
1/1/2016,Tennessee,1
1/1/2016,Texas,3326
1/1/2016,U.S. Crude Oil ,9197
1/1/2016,Utah,88
1/1/2016,Virginia,0
1/1/2016,West Virginia,22
1/1/2016,Wyoming,217
2/1/2016,Alabama,23
2/1/2016,Alaska,507
2/1/2016,Arizona,0
2/1/2016,Arkansas,16
2/1/2016,California,530
2/1/2016,Colorado,327
2/1/2016,Federal Offshore Gulf of Mexico Crude Oil,1549
2/1/2016,Federal Offshore Pacific Crude Oil,17
2/1/2016,Florida,6
2/1/2016,Idaho,0
2/1/2016,Illinois,24
2/1/2016,Indiana,5
2/1/2016,Kansas,110
2/1/2016,Kentucky,4
2/1/2016,Louisiana,162
2/1/2016,Michigan,17
2/1/2016,Mississippi,59
2/1/2016,Missouri,0
2/1/2016,Montana,68
2/1/2016,Nebraska,6
2/1/2016,Nevada,1
2/1/2016,New Mexico,398
2/1/2016,New York,1
2/1/2016,North Dakota,1112
2/1/2016,Ohio,70
2/1/2016,Oklahoma,415
2/1/2016,Pennsylvania,18
2/1/2016,South Dakota,4
2/1/2016,Tennessee,1
2/1/2016,Texas,3288
2/1/2016,U.S. Crude Oil ,9055
2/1/2016,Utah,84
2/1/2016,Virginia,0
2/1/2016,West Virginia,22
2/1/2016,Wyoming,211
3/1/2016,Alabama,22
3/1/2016,Alaska,511
3/1/2016,Arizona,0
3/1/2016,Arkansas,15
3/1/2016,California,527
3/1/2016,Colorado,319
3/1/2016,Federal Offshore Gulf of Mexico Crude Oil,1612
3/1/2016,Federal Offshore Pacific Crude Oil,17
3/1/2016,Florida,6
3/1/2016,Idaho,1
3/1/2016,Illinois,25
3/1/2016,Indiana,5
3/1/2016,Kansas,112
3/1/2016,Kentucky,8
3/1/2016,Louisiana,162
3/1/2016,Michigan,15
3/1/2016,Mississippi,57
3/1/2016,Missouri,0
3/1/2016,Montana,67
3/1/2016,Nebraska,6
3/1/2016,Nevada,1
3/1/2016,New Mexico,406
3/1/2016,New York,1
3/1/2016,North Dakota,1104
3/1/2016,Ohio,70
3/1/2016,Oklahoma,432
3/1/2016,Pennsylvania,18
3/1/2016,South Dakota,4
3/1/2016,Tennessee,1
3/1/2016,Texas,3243
3/1/2016,U.S. Crude Oil ,9081
3/1/2016,Utah,82
3/1/2016,Virginia,0
3/1/2016,West Virginia,20
3/1/2016,Wyoming,210
4/1/2016,Alabama,22
4/1/2016,Alaska,489
4/1/2016,Arizona,0
4/1/2016,Arkansas,16
4/1/2016,California,517
4/1/2016,Colorado,316
4/1/2016,Federal Offshore Gulf of Mexico Crude Oil,1574
4/1/2016,Federal Offshore Pacific Crude Oil,17
4/1/2016,Florida,5
4/1/2016,Idaho,1
4/1/2016,Illinois,24
4/1/2016,Indiana,5
4/1/2016,Kansas,102
4/1/2016,Kentucky,6
4/1/2016,Louisiana,162
4/1/2016,Michigan,16
4/1/2016,Mississippi,57
4/1/2016,Missouri,0
4/1/2016,Montana,65
4/1/2016,Nebraska,7
4/1/2016,Nevada,1
4/1/2016,New Mexico,405
4/1/2016,New York,1
4/1/2016,North Dakota,1035
4/1/2016,Ohio,63
4/1/2016,Oklahoma,421
4/1/2016,Pennsylvania,20
4/1/2016,South Dakota,4
4/1/2016,Tennessee,1
4/1/2016,Texas,3206
4/1/2016,U.S. Crude Oil ,8866
4/1/2016,Utah,83
4/1/2016,Virginia,0
4/1/2016,West Virginia,20
4/1/2016,Wyoming,206
5/1/2016,Alabama,22
5/1/2016,Alaska,505
5/1/2016,Arizona,0
5/1/2016,Arkansas,15
5/1/2016,California,507
5/1/2016,Colorado,311
5/1/2016,Federal Offshore Gulf of Mexico Crude Oil,1593
5/1/2016,Federal Offshore Pacific Crude Oil,18
5/1/2016,Florida,5
5/1/2016,Idaho,1
5/1/2016,Illinois,23
5/1/2016,Indiana,5
5/1/2016,Kansas,106
5/1/2016,Kentucky,3
5/1/2016,Louisiana,159
5/1/2016,Michigan,15
5/1/2016,Mississippi,57
5/1/2016,Missouri,0
5/1/2016,Montana,64
5/1/2016,Nebraska,6
5/1/2016,Nevada,1
5/1/2016,New Mexico,393
5/1/2016,New York,1
5/1/2016,North Dakota,1040
5/1/2016,Ohio,63
5/1/2016,Oklahoma,433
5/1/2016,Pennsylvania,19
5/1/2016,South Dakota,4
5/1/2016,Tennessee,1
5/1/2016,Texas,3153
5/1/2016,U.S. Crude Oil ,8824
5/1/2016,Utah,82
5/1/2016,Virginia,0
5/1/2016,West Virginia,21
5/1/2016,Wyoming,197
6/1/2016,Alabama,22
6/1/2016,Alaska,470
6/1/2016,Arizona,0
6/1/2016,Arkansas,15
6/1/2016,California,484
6/1/2016,Colorado,309
6/1/2016,Federal Offshore Gulf of Mexico Crude Oil,1551
6/1/2016,Federal Offshore Pacific Crude Oil,17
6/1/2016,Florida,5
6/1/2016,Idaho,1
6/1/2016,Illinois,25
6/1/2016,Indiana,5
6/1/2016,Kansas,108
6/1/2016,Kentucky,11
6/1/2016,Louisiana,156
6/1/2016,Michigan,16
6/1/2016,Mississippi,56
6/1/2016,Missouri,0
6/1/2016,Montana,64
6/1/2016,Nebraska,6
6/1/2016,Nevada,1
6/1/2016,New Mexico,389
6/1/2016,New York,1
6/1/2016,North Dakota,1020
6/1/2016,Ohio,63
6/1/2016,Oklahoma,433
6/1/2016,Pennsylvania,16
6/1/2016,South Dakota,4
6/1/2016,Tennessee,1
6/1/2016,Texas,3130
6/1/2016,U.S. Crude Oil ,8670
6/1/2016,Utah,80
6/1/2016,Virginia,0
6/1/2016,West Virginia,21
6/1/2016,Wyoming,193
7/1/2016,Alabama,22
7/1/2016,Alaska,438
7/1/2016,Arizona,0
7/1/2016,Arkansas,15
7/1/2016,California,506
7/1/2016,Colorado,320
7/1/2016,Federal Offshore Gulf of Mexico Crude Oil,1568
7/1/2016,Federal Offshore Pacific Crude Oil,16
7/1/2016,Florida,5
7/1/2016,Idaho,1
7/1/2016,Illinois,22
7/1/2016,Indiana,5
7/1/2016,Kansas,101
7/1/2016,Kentucky,9
7/1/2016,Louisiana,156
7/1/2016,Michigan,15
7/1/2016,Mississippi,55
7/1/2016,Missouri,0
7/1/2016,Montana,62
7/1/2016,Nebraska,6
7/1/2016,Nevada,1
7/1/2016,New Mexico,392
7/1/2016,New York,1
7/1/2016,North Dakota,1023
7/1/2016,Ohio,53
7/1/2016,Oklahoma,401
7/1/2016,Pennsylvania,16
7/1/2016,South Dakota,4
7/1/2016,Tennessee,1
7/1/2016,Texas,3125
7/1/2016,U.S. Crude Oil ,8635
7/1/2016,Utah,80
7/1/2016,Virginia,0
7/1/2016,West Virginia,22
7/1/2016,Wyoming,194
8/1/2016,Alabama,22
8/1/2016,Alaska,459
8/1/2016,Arizona,0
8/1/2016,Arkansas,15
8/1/2016,California,507
8/1/2016,Colorado,323
8/1/2016,Federal Offshore Gulf of Mexico Crude Oil,1617
8/1/2016,Federal Offshore Pacific Crude Oil,17
8/1/2016,Florida,5
8/1/2016,Idaho,0
8/1/2016,Illinois,24
8/1/2016,Indiana,5
8/1/2016,Kansas,101
8/1/2016,Kentucky,5
8/1/2016,Louisiana,149
8/1/2016,Michigan,15
8/1/2016,Mississippi,54
8/1/2016,Missouri,0
8/1/2016,Montana,61
8/1/2016,Nebraska,6
8/1/2016,Nevada,1
8/1/2016,New Mexico,392
8/1/2016,New York,1
8/1/2016,North Dakota,976
8/1/2016,Ohio,53
8/1/2016,Oklahoma,425
8/1/2016,Pennsylvania,17
8/1/2016,South Dakota,4
8/1/2016,Tennessee,1
8/1/2016,Texas,3122
8/1/2016,U.S. Crude Oil ,8670
8/1/2016,Utah,83
8/1/2016,Virginia,0
8/1/2016,West Virginia,22
8/1/2016,Wyoming,188
9/1/2016,Alabama,22
9/1/2016,Alaska,452
9/1/2016,Arizona,0
9/1/2016,Arkansas,15
9/1/2016,California,505
9/1/2016,Colorado,322
9/1/2016,Federal Offshore Gulf of Mexico Crude Oil,1508
9/1/2016,Federal Offshore Pacific Crude Oil,16
9/1/2016,Florida,5
9/1/2016,Idaho,1
9/1/2016,Illinois,24
9/1/2016,Indiana,5
9/1/2016,Kansas,101
9/1/2016,Kentucky,6
9/1/2016,Louisiana,154
9/1/2016,Michigan,16
9/1/2016,Mississippi,53
9/1/2016,Missouri,0
9/1/2016,Montana,61
9/1/2016,Nebraska,6
9/1/2016,Nevada,1
9/1/2016,New Mexico,401
9/1/2016,New York,1
9/1/2016,North Dakota,966
9/1/2016,Ohio,53
9/1/2016,Oklahoma,411
9/1/2016,Pennsylvania,16
9/1/2016,South Dakota,4
9/1/2016,Tennessee,1
9/1/2016,Texas,3106
9/1/2016,U.S. Crude Oil ,8519
9/1/2016,Utah,83
9/1/2016,Virginia,0
9/1/2016,West Virginia,20
9/1/2016,Wyoming,187
10/1/2016,Alabama,22
10/1/2016,Alaska,495
10/1/2016,Arizona,0
10/1/2016,Arkansas,15
10/1/2016,California,501
10/1/2016,Colorado,320
10/1/2016,Federal Offshore Gulf of Mexico Crude Oil,1605
10/1/2016,Federal Offshore Pacific Crude Oil,16
10/1/2016,Florida,5
10/1/2016,Idaho,0
10/1/2016,Illinois,23
10/1/2016,Indiana,5
10/1/2016,Kansas,100
10/1/2016,Kentucky,4
10/1/2016,Louisiana,155
10/1/2016,Michigan,15
10/1/2016,Mississippi,53
10/1/2016,Missouri,0
10/1/2016,Montana,61
10/1/2016,Nebraska,7
10/1/2016,Nevada,1
10/1/2016,New Mexico,408
10/1/2016,New York,1
10/1/2016,North Dakota,1037
10/1/2016,Ohio,49
10/1/2016,Oklahoma,428
10/1/2016,Pennsylvania,16
10/1/2016,South Dakota,4
10/1/2016,Tennessee,1
10/1/2016,Texas,3143
10/1/2016,U.S. Crude Oil ,8787
10/1/2016,Utah,85
10/1/2016,Virginia,0
10/1/2016,West Virginia,20
10/1/2016,Wyoming,193
11/1/2016,Alabama,22
11/1/2016,Alaska,513
11/1/2016,Arizona,0
11/1/2016,Arkansas,15
11/1/2016,California,499
11/1/2016,Colorado,319
11/1/2016,Federal Offshore Gulf of Mexico Crude Oil,1682
11/1/2016,Federal Offshore Pacific Crude Oil,16
11/1/2016,Florida,5
11/1/2016,Idaho,1
11/1/2016,Illinois,23
11/1/2016,Indiana,5
11/1/2016,Kansas,99
11/1/2016,Kentucky,10
11/1/2016,Louisiana,147
11/1/2016,Michigan,16
11/1/2016,Mississippi,53
11/1/2016,Missouri,0
11/1/2016,Montana,61
11/1/2016,Nebraska,6
11/1/2016,Nevada,1
11/1/2016,New Mexico,416
11/1/2016,New York,1
11/1/2016,North Dakota,1027
11/1/2016,Ohio,49
11/1/2016,Oklahoma,430
11/1/2016,Pennsylvania,17
11/1/2016,South Dakota,4
11/1/2016,Tennessee,1
11/1/2016,Texas,3150
11/1/2016,U.S. Crude Oil ,8888
11/1/2016,Utah,85
11/1/2016,Virginia,0
11/1/2016,West Virginia,21
11/1/2016,Wyoming,195
12/1/2016,Alabama,21
12/1/2016,Alaska,519
12/1/2016,Arizona,0
12/1/2016,Arkansas,15
12/1/2016,California,480
12/1/2016,Colorado,302
12/1/2016,Federal Offshore Gulf of Mexico Crude Oil,1725
12/1/2016,Federal Offshore Pacific Crude Oil,16
12/1/2016,Florida,5
12/1/2016,Idaho,1
12/1/2016,Illinois,23
12/1/2016,Indiana,5
12/1/2016,Kansas,95
12/1/2016,Kentucky,12
12/1/2016,Louisiana,145
12/1/2016,Michigan,15
12/1/2016,Mississippi,53
12/1/2016,Missouri,0
12/1/2016,Montana,57
12/1/2016,Nebraska,6
12/1/2016,Nevada,1
12/1/2016,New Mexico,421
12/1/2016,New York,1
12/1/2016,North Dakota,935
12/1/2016,Ohio,49
12/1/2016,Oklahoma,413
12/1/2016,Pennsylvania,16
12/1/2016,South Dakota,3
12/1/2016,Tennessee,1
12/1/2016,Texas,3148
12/1/2016,U.S. Crude Oil ,8778
12/1/2016,Utah,86
12/1/2016,Virginia,0
12/1/2016,West Virginia,20
12/1/2016,Wyoming,189
1/1/2017,Alabama,20
1/1/2017,Alaska,516
1/1/2017,Arizona,0
1/1/2017,Arkansas,14
1/1/2017,California,484
1/1/2017,Colorado,298
1/1/2017,Federal Offshore Gulf of Mexico Crude Oil,1739
1/1/2017,Federal Offshore Pacific Crude Oil,16
1/1/2017,Florida,5
1/1/2017,Idaho,0
1/1/2017,Illinois,22
1/1/2017,Indiana,5
1/1/2017,Kansas,97
1/1/2017,Kentucky,5
1/1/2017,Louisiana,145
1/1/2017,Michigan,14
1/1/2017,Mississippi,51
1/1/2017,Missouri,0
1/1/2017,Montana,57
1/1/2017,Nebraska,6
1/1/2017,Nevada,1
1/1/2017,New Mexico,419
1/1/2017,New York,1
1/1/2017,North Dakota,976
1/1/2017,Ohio,51
1/1/2017,Oklahoma,399
1/1/2017,Pennsylvania,16
1/1/2017,South Dakota,4
1/1/2017,Tennessee,1
1/1/2017,Texas,3185
1/1/2017,U.S. Crude Oil ,8840
1/1/2017,Utah,86
1/1/2017,Virginia,0
1/1/2017,West Virginia,22
1/1/2017,Wyoming,185
2/1/2017,Alabama,20
2/1/2017,Alaska,513
2/1/2017,Arizona,0
2/1/2017,Arkansas,15
2/1/2017,California,495
2/1/2017,Colorado,298
2/1/2017,Federal Offshore Gulf of Mexico Crude Oil,1753
2/1/2017,Federal Offshore Pacific Crude Oil,16
2/1/2017,Florida,5
2/1/2017,Idaho,0
2/1/2017,Illinois,24
2/1/2017,Indiana,5
2/1/2017,Kansas,103
2/1/2017,Kentucky,4
2/1/2017,Louisiana,146
2/1/2017,Michigan,14
2/1/2017,Mississippi,50
2/1/2017,Missouri,0
2/1/2017,Montana,59
2/1/2017,Nebraska,6
2/1/2017,Nevada,1
2/1/2017,New Mexico,443
2/1/2017,New York,1
2/1/2017,North Dakota,1025
2/1/2017,Ohio,52
2/1/2017,Oklahoma,419
2/1/2017,Pennsylvania,15
2/1/2017,South Dakota,4
2/1/2017,Tennessee,1
2/1/2017,Texas,3294
2/1/2017,U.S. Crude Oil ,9083
2/1/2017,Utah,89
2/1/2017,Virginia,0
2/1/2017,West Virginia,24
2/1/2017,Wyoming,189
3/1/2017,Alabama,20
3/1/2017,Alaska,526
3/1/2017,Arizona,0
3/1/2017,Arkansas,15
3/1/2017,California,480
3/1/2017,Colorado,307
3/1/2017,Federal Offshore Gulf of Mexico Crude Oil,1775
3/1/2017,Federal Offshore Pacific Crude Oil,16
3/1/2017,Florida,6
3/1/2017,Idaho,0
3/1/2017,Illinois,23
3/1/2017,Indiana,5
3/1/2017,Kansas,99
3/1/2017,Kentucky,8
3/1/2017,Louisiana,151
3/1/2017,Michigan,14
3/1/2017,Mississippi,51
3/1/2017,Missouri,0
3/1/2017,Montana,58
3/1/2017,Nebraska,6
3/1/2017,Nevada,1
3/1/2017,New Mexico,442
3/1/2017,New York,1
3/1/2017,North Dakota,1016
3/1/2017,Ohio,48
3/1/2017,Oklahoma,445
3/1/2017,Pennsylvania,16
3/1/2017,South Dakota,4
3/1/2017,Tennessee,1
3/1/2017,Texas,3290
3/1/2017,U.S. Crude Oil ,9140
3/1/2017,Utah,91
3/1/2017,Virginia,0
3/1/2017,West Virginia,22
3/1/2017,Wyoming,203
4/1/2017,Alabama,19
4/1/2017,Alaska,525
4/1/2017,Arizona,0
4/1/2017,Arkansas,15
4/1/2017,California,480
4/1/2017,Colorado,325
4/1/2017,Federal Offshore Gulf of Mexico Crude Oil,1663
4/1/2017,Federal Offshore Pacific Crude Oil,16
4/1/2017,Florida,6
4/1/2017,Idaho,0
4/1/2017,Illinois,23
4/1/2017,Indiana,5
4/1/2017,Kansas,99
4/1/2017,Kentucky,12
4/1/2017,Louisiana,149
4/1/2017,Michigan,14
4/1/2017,Mississippi,51
4/1/2017,Missouri,0
4/1/2017,Montana,57
4/1/2017,Nebraska,6
4/1/2017,Nevada,1
4/1/2017,New Mexico,447
4/1/2017,New York,1
4/1/2017,North Dakota,1040
4/1/2017,Ohio,47
4/1/2017,Oklahoma,442
4/1/2017,Pennsylvania,17
4/1/2017,South Dakota,4
4/1/2017,Tennessee,1
4/1/2017,Texas,3301
4/1/2017,U.S. Crude Oil ,9085
4/1/2017,Utah,91
4/1/2017,Virginia,0
4/1/2017,West Virginia,22
4/1/2017,Wyoming,204
5/1/2017,Alabama,19
5/1/2017,Alaska,508
5/1/2017,Arizona,0
5/1/2017,Arkansas,15
5/1/2017,California,478
5/1/2017,Colorado,343
5/1/2017,Federal Offshore Gulf of Mexico Crude Oil,1682
5/1/2017,Federal Offshore Pacific Crude Oil,16
5/1/2017,Florida,6
5/1/2017,Idaho,0
5/1/2017,Illinois,22
5/1/2017,Indiana,5
5/1/2017,Kansas,100
5/1/2017,Kentucky,5
5/1/2017,Louisiana,144
5/1/2017,Michigan,14
5/1/2017,Mississippi,50
5/1/2017,Missouri,0
5/1/2017,Montana,58
5/1/2017,Nebraska,6
5/1/2017,Nevada,1
5/1/2017,New Mexico,462
5/1/2017,New York,1
5/1/2017,North Dakota,1029
5/1/2017,Ohio,51
5/1/2017,Oklahoma,426
5/1/2017,Pennsylvania,16
5/1/2017,South Dakota,3
5/1/2017,Tennessee,1
5/1/2017,Texas,3388
5/1/2017,U.S. Crude Oil ,9168
5/1/2017,Utah,95
5/1/2017,Virginia,0
5/1/2017,West Virginia,24
5/1/2017,Wyoming,202
6/1/2017,Alabama,19
6/1/2017,Alaska,463
6/1/2017,Arizona,0
6/1/2017,Arkansas,14
6/1/2017,California,475
6/1/2017,Colorado,328
6/1/2017,Federal Offshore Gulf of Mexico Crude Oil,1631
6/1/2017,Federal Offshore Pacific Crude Oil,16
6/1/2017,Florida,5
6/1/2017,Idaho,0
6/1/2017,Illinois,23
6/1/2017,Indiana,5
6/1/2017,Kansas,101
6/1/2017,Kentucky,7
6/1/2017,Louisiana,141
6/1/2017,Michigan,14
6/1/2017,Mississippi,47
6/1/2017,Missouri,0
6/1/2017,Montana,58
6/1/2017,Nebraska,6
6/1/2017,Nevada,1
6/1/2017,New Mexico,444
6/1/2017,New York,1
6/1/2017,North Dakota,1023
6/1/2017,Ohio,50
6/1/2017,Oklahoma,442
6/1/2017,Pennsylvania,16
6/1/2017,South Dakota,4
6/1/2017,Tennessee,1
6/1/2017,Texas,3415
6/1/2017,U.S. Crude Oil ,9074
6/1/2017,Utah,97
6/1/2017,Virginia,0
6/1/2017,West Virginia,25
6/1/2017,Wyoming,202
7/1/2017,Alabama,18
7/1/2017,Alaska,423
7/1/2017,Arizona,0
7/1/2017,Arkansas,15
7/1/2017,California,482
7/1/2017,Colorado,352
7/1/2017,Federal Offshore Gulf of Mexico Crude Oil,1757
7/1/2017,Federal Offshore Pacific Crude Oil,16
7/1/2017,Florida,6
7/1/2017,Idaho,0
7/1/2017,Illinois,22
7/1/2017,Indiana,5
7/1/2017,Kansas,96
7/1/2017,Kentucky,4
7/1/2017,Louisiana,140
7/1/2017,Michigan,15
7/1/2017,Mississippi,47
7/1/2017,Missouri,0
7/1/2017,Montana,57
7/1/2017,Nebraska,4
7/1/2017,Nevada,1
7/1/2017,New Mexico,447
7/1/2017,New York,1
7/1/2017,North Dakota,1039
7/1/2017,Ohio,51
7/1/2017,Oklahoma,443
7/1/2017,Pennsylvania,20
7/1/2017,South Dakota,4
7/1/2017,Tennessee,1
7/1/2017,Texas,3442
7/1/2017,U.S. Crude Oil ,9230
7/1/2017,Utah,94
7/1/2017,Virginia,0
7/1/2017,West Virginia,25
7/1/2017,Wyoming,205
8/1/2017,Alabama,18
8/1/2017,Alaska,451
8/1/2017,Arizona,0
8/1/2017,Arkansas,14
8/1/2017,California,482
8/1/2017,Colorado,377
8/1/2017,Federal Offshore Gulf of Mexico Crude Oil,1717
8/1/2017,Federal Offshore Pacific Crude Oil,16
8/1/2017,Florida,5
8/1/2017,Idaho,0
8/1/2017,Illinois,23
8/1/2017,Indiana,5
8/1/2017,Kansas,99
8/1/2017,Kentucky,11
8/1/2017,Louisiana,141
8/1/2017,Michigan,15
8/1/2017,Mississippi,48
8/1/2017,Missouri,0
8/1/2017,Montana,57
8/1/2017,Nebraska,6
8/1/2017,Nevada,1
8/1/2017,New Mexico,458
8/1/2017,New York,1
8/1/2017,North Dakota,1079
8/1/2017,Ohio,53
8/1/2017,Oklahoma,467
8/1/2017,Pennsylvania,19
8/1/2017,South Dakota,4
8/1/2017,Tennessee,1
8/1/2017,Texas,3345
8/1/2017,U.S. Crude Oil ,9244
8/1/2017,Utah,97
8/1/2017,Virginia,0
8/1/2017,West Virginia,27
8/1/2017,Wyoming,208
9/1/2017,Alabama,18
9/1/2017,Alaska,482
9/1/2017,Arizona,0
9/1/2017,Arkansas,14
9/1/2017,California,469
9/1/2017,Colorado,399
9/1/2017,Federal Offshore Gulf of Mexico Crude Oil,1693
9/1/2017,Federal Offshore Pacific Crude Oil,15
9/1/2017,Florida,4
9/1/2017,Idaho,0
9/1/2017,Illinois,23
9/1/2017,Indiana,5
9/1/2017,Kansas,95
9/1/2017,Kentucky,7
9/1/2017,Louisiana,139
9/1/2017,Michigan,15
9/1/2017,Mississippi,49
9/1/2017,Missouri,0
9/1/2017,Montana,56
9/1/2017,Nebraska,6
9/1/2017,Nevada,1
9/1/2017,New Mexico,497
9/1/2017,New York,1
9/1/2017,North Dakota,1096
9/1/2017,Ohio,56
9/1/2017,Oklahoma,469
9/1/2017,Pennsylvania,19
9/1/2017,South Dakota,4
9/1/2017,Tennessee,1
9/1/2017,Texas,3525
9/1/2017,U.S. Crude Oil ,9495
9/1/2017,Utah,97
9/1/2017,Virginia,0
9/1/2017,West Virginia,26
9/1/2017,Wyoming,215
10/1/2017,Alabama,18
10/1/2017,Alaska,507
10/1/2017,Arizona,0
10/1/2017,Arkansas,14
10/1/2017,California,469
10/1/2017,Colorado,409
10/1/2017,Federal Offshore Gulf of Mexico Crude Oil,1477
10/1/2017,Federal Offshore Pacific Crude Oil,15
10/1/2017,Florida,5
10/1/2017,Idaho,0
10/1/2017,Illinois,22
10/1/2017,Indiana,5
10/1/2017,Kansas,97
10/1/2017,Kentucky,0
10/1/2017,Louisiana,135
10/1/2017,Michigan,15
10/1/2017,Mississippi,47
10/1/2017,Missouri,0
10/1/2017,Montana,55
10/1/2017,Nebraska,6
10/1/2017,Nevada,1
10/1/2017,New Mexico,519
10/1/2017,New York,1
10/1/2017,North Dakota,1184
10/1/2017,Ohio,54
10/1/2017,Oklahoma,497
10/1/2017,Pennsylvania,22
10/1/2017,South Dakota,4
10/1/2017,Tennessee,1
10/1/2017,Texas,3776
10/1/2017,U.S. Crude Oil ,9703
10/1/2017,Utah,97
10/1/2017,Virginia,0
10/1/2017,West Virginia,30
10/1/2017,Wyoming,221
11/1/2017,Alabama,18
11/1/2017,Alaska,510
11/1/2017,Arizona,0
11/1/2017,Arkansas,14
11/1/2017,California,468
11/1/2017,Colorado,421
11/1/2017,Federal Offshore Gulf of Mexico Crude Oil,1689
11/1/2017,Federal Offshore Pacific Crude Oil,15
11/1/2017,Florida,5
11/1/2017,Idaho,0
11/1/2017,Illinois,23
11/1/2017,Indiana,5
11/1/2017,Kansas,99
11/1/2017,Kentucky,8
11/1/2017,Louisiana,142
11/1/2017,Michigan,15
11/1/2017,Mississippi,48
11/1/2017,Missouri,0
11/1/2017,Montana,55
11/1/2017,Nebraska,6
11/1/2017,Nevada,1
11/1/2017,New Mexico,522
11/1/2017,New York,1
11/1/2017,North Dakota,1197
11/1/2017,Ohio,57
11/1/2017,Oklahoma,501
11/1/2017,Pennsylvania,21
11/1/2017,South Dakota,4
11/1/2017,Tennessee,1
11/1/2017,Texas,3903
11/1/2017,U.S. Crude Oil ,10103
11/1/2017,Utah,97
11/1/2017,Virginia,0
11/1/2017,West Virginia,32
11/1/2017,Wyoming,226
12/1/2017,Alabama,17
12/1/2017,Alaska,512
12/1/2017,Arizona,0
12/1/2017,Arkansas,14
12/1/2017,California,461
12/1/2017,Colorado,436
12/1/2017,Federal Offshore Gulf of Mexico Crude Oil,1576
12/1/2017,Federal Offshore Pacific Crude Oil,13
12/1/2017,Florida,5
12/1/2017,Idaho,0
12/1/2017,Illinois,23
12/1/2017,Indiana,5
12/1/2017,Kansas,92
12/1/2017,Kentucky,10
12/1/2017,Louisiana,138
12/1/2017,Michigan,15
12/1/2017,Mississippi,46
12/1/2017,Missouri,0
12/1/2017,Montana,54
12/1/2017,Nebraska,6
12/1/2017,Nevada,1
12/1/2017,New Mexico,537
12/1/2017,New York,1
12/1/2017,North Dakota,1183
12/1/2017,Ohio,53
12/1/2017,Oklahoma,504
12/1/2017,Pennsylvania,20
12/1/2017,South Dakota,3
12/1/2017,Tennessee,1
12/1/2017,Texas,3963
12/1/2017,U.S. Crude Oil ,10040
12/1/2017,Utah,94
12/1/2017,Virginia,0
12/1/2017,West Virginia,31
12/1/2017,Wyoming,225
1/1/2018,Alabama,16
1/1/2018,Alaska,508
1/1/2018,Arizona,0
1/1/2018,Arkansas,14
1/1/2018,California,463
1/1/2018,Colorado,436
1/1/2018,Federal Offshore Gulf of Mexico Crude Oil,1631
1/1/2018,Federal Offshore Pacific Crude Oil,14
1/1/2018,Florida,5
1/1/2018,Idaho,0
1/1/2018,Illinois,19
1/1/2018,Indiana,4
1/1/2018,Kansas,93
1/1/2018,Kentucky,2
1/1/2018,Louisiana,122
1/1/2018,Michigan,15
1/1/2018,Mississippi,45
1/1/2018,Missouri,0
1/1/2018,Montana,56
1/1/2018,Nebraska,5
1/1/2018,Nevada,1
1/1/2018,New Mexico,541
1/1/2018,New York,1
1/1/2018,North Dakota,1158
1/1/2018,Ohio,50
1/1/2018,Oklahoma,530
1/1/2018,Pennsylvania,17
1/1/2018,South Dakota,4
1/1/2018,Tennessee,1
1/1/2018,Texas,3894
1/1/2018,U.S. Crude Oil ,9995
1/1/2018,Utah,100
1/1/2018,Virginia,0
1/1/2018,West Virginia,28
1/1/2018,Wyoming,222
2/1/2018,Alabama,17
2/1/2018,Alaska,513
2/1/2018,Arizona,0
2/1/2018,Arkansas,14
2/1/2018,California,463
2/1/2018,Colorado,428
2/1/2018,Federal Offshore Gulf of Mexico Crude Oil,1704
2/1/2018,Federal Offshore Pacific Crude Oil,14
2/1/2018,Florida,5
2/1/2018,Idaho,0
2/1/2018,Illinois,22
2/1/2018,Indiana,5
2/1/2018,Kansas,96
2/1/2018,Kentucky,4
2/1/2018,Louisiana,131
2/1/2018,Michigan,15
2/1/2018,Mississippi,48
2/1/2018,Missouri,0
2/1/2018,Montana,56
2/1/2018,Nebraska,5
2/1/2018,Nevada,1
2/1/2018,New Mexico,586
2/1/2018,New York,1
2/1/2018,North Dakota,1151
2/1/2018,Ohio,54
2/1/2018,Oklahoma,527
2/1/2018,Pennsylvania,18
2/1/2018,South Dakota,4
2/1/2018,Tennessee,1
2/1/2018,Texas,4015
2/1/2018,U.S. Crude Oil ,10248
2/1/2018,Utah,100
2/1/2018,Virginia,0
2/1/2018,West Virginia,27
2/1/2018,Wyoming,223
3/1/2018,Alabama,17
3/1/2018,Alaska,512
3/1/2018,Arizona,0
3/1/2018,Arkansas,14
3/1/2018,California,462
3/1/2018,Colorado,428
3/1/2018,Federal Offshore Gulf of Mexico Crude Oil,1681
3/1/2018,Federal Offshore Pacific Crude Oil,16
3/1/2018,Florida,5
3/1/2018,Idaho,0
3/1/2018,Illinois,23
3/1/2018,Indiana,5
3/1/2018,Kansas,97
3/1/2018,Kentucky,12
3/1/2018,Louisiana,131
3/1/2018,Michigan,14
3/1/2018,Mississippi,47
3/1/2018,Missouri,0
3/1/2018,Montana,53
3/1/2018,Nebraska,6
3/1/2018,Nevada,1
3/1/2018,New Mexico,623
3/1/2018,New York,1
3/1/2018,North Dakota,1145
3/1/2018,Ohio,54
3/1/2018,Oklahoma,543
3/1/2018,Pennsylvania,18
3/1/2018,South Dakota,4
3/1/2018,Tennessee,1
3/1/2018,Texas,4185
3/1/2018,U.S. Crude Oil ,10461
3/1/2018,Utah,104
3/1/2018,Virginia,0
3/1/2018,West Virginia,29
3/1/2018,Wyoming,231
4/1/2018,Alabama,17
4/1/2018,Alaska,497
4/1/2018,Arizona,0
4/1/2018,Arkansas,14
4/1/2018,California,465
4/1/2018,Colorado,447
4/1/2018,Federal Offshore Gulf of Mexico Crude Oil,1583
4/1/2018,Federal Offshore Pacific Crude Oil,16
4/1/2018,Florida,5
4/1/2018,Idaho,0
4/1/2018,Illinois,22
4/1/2018,Indiana,4
4/1/2018,Kansas,97
4/1/2018,Kentucky,4
4/1/2018,Louisiana,128
4/1/2018,Michigan,13
4/1/2018,Mississippi,47
4/1/2018,Missouri,0
4/1/2018,Montana,54
4/1/2018,Nebraska,5
4/1/2018,Nevada,1
4/1/2018,New Mexico,650
4/1/2018,New York,1
4/1/2018,North Dakota,1211
4/1/2018,Ohio,54
4/1/2018,Oklahoma,531
4/1/2018,Pennsylvania,19
4/1/2018,South Dakota,4
4/1/2018,Tennessee,1
4/1/2018,Texas,4222
4/1/2018,U.S. Crude Oil ,10475
4/1/2018,Utah,103
4/1/2018,Virginia,0
4/1/2018,West Virginia,29
4/1/2018,Wyoming,232
5/1/2018,Alabama,16
5/1/2018,Alaska,496
5/1/2018,Arizona,0
5/1/2018,Arkansas,14
5/1/2018,California,464
5/1/2018,Colorado,447
5/1/2018,Federal Offshore Gulf of Mexico Crude Oil,1504
5/1/2018,Federal Offshore Pacific Crude Oil,15
5/1/2018,Florida,5
5/1/2018,Idaho,0
5/1/2018,Illinois,24
5/1/2018,Indiana,5
5/1/2018,Kansas,97
5/1/2018,Kentucky,7
5/1/2018,Louisiana,130
5/1/2018,Michigan,14
5/1/2018,Mississippi,48
5/1/2018,Missouri,0
5/1/2018,Montana,54
5/1/2018,Nebraska,5
5/1/2018,Nevada,1
5/1/2018,New Mexico,652
5/1/2018,New York,1
5/1/2018,North Dakota,1236
5/1/2018,Ohio,58
5/1/2018,Oklahoma,529
5/1/2018,Pennsylvania,19
5/1/2018,South Dakota,3
5/1/2018,Tennessee,1
5/1/2018,Texas,4245
5/1/2018,U.S. Crude Oil ,10443
5/1/2018,Utah,97
5/1/2018,Virginia,0
5/1/2018,West Virginia,29
5/1/2018,Wyoming,228
6/1/2018,Alabama,16
6/1/2018,Alaska,451
6/1/2018,Arizona,0
6/1/2018,Arkansas,14
6/1/2018,California,462
6/1/2018,Colorado,423
6/1/2018,Federal Offshore Gulf of Mexico Crude Oil,1658
6/1/2018,Federal Offshore Pacific Crude Oil,15
6/1/2018,Florida,5
6/1/2018,Idaho,0
6/1/2018,Illinois,23
6/1/2018,Indiana,5
6/1/2018,Kansas,96
6/1/2018,Kentucky,9
6/1/2018,Louisiana,129
6/1/2018,Michigan,15
6/1/2018,Mississippi,47
6/1/2018,Missouri,0
6/1/2018,Montana,52
6/1/2018,Nebraska,5
6/1/2018,Nevada,1
6/1/2018,New Mexico,657
6/1/2018,New York,1
6/1/2018,North Dakota,1220
6/1/2018,Ohio,65
6/1/2018,Oklahoma,526
6/1/2018,Pennsylvania,18
6/1/2018,South Dakota,4
6/1/2018,Tennessee,1
6/1/2018,Texas,4410
6/1/2018,U.S. Crude Oil ,10674
6/1/2018,Utah,94
6/1/2018,Virginia,0
6/1/2018,West Virginia,30
6/1/2018,Wyoming,226
